:020000040800F2
:1000000000500020F97F00083D7D00083F7D00087A
:10001000417D0008437D0008457D00080000000088
:10002000000000000000000000000000F55B000878
:10003000477D000800000000F15B0008497D0008D2
:10004000418000084180000841800008418000088C
:10005000418000084180000841800008418000087C
:10006000418000084180000841800008418000086C
:100070004180000841800008797D00084180000827
:10008000418000084180000841800008418000084C
:10009000857D0008418000084180000841800008FB
:1000A000418000084180000841800008418000082C
:1000B000617D0008418000084180000841800008FF
:1000C000418000084180000841800008418000080C
:1000D000418000086D7D00084180000841800008D3
:1000E00041800008418000084180000800000000B5
:1000F0000000000000000000000000000000000000
:0C01000000000000000000005FF808F1A3
:100110000348044B834202D0034B03B11847704796
:100120009400002094000020000000000548064BC9
:100130001B1AD90F01EBA301491002D0034B03B1E5
:100140001847704794000020940000200000000031
:1001500010B5064C237843B9FFF7DAFF044B13B10F
:100160000448AFF300800123237010BD98000020E5
:10017000000000008CA2000808B5044B1BB1044924
:100180000448AFF30080BDE80840CFE7000000005E
:100190009C0000208CA2000838B5044600F02AFB21
:1001A00021460546204601F023F820B920460021CB
:1001B00000F0F6FF08B9284638BD01F0CDFB21223A
:1001C000034600211A60084600F000FF0546284655
:1001D00038BD00BF00F06EB938B5044600F01CF819
:1001E00021460546204601F003F838B9204600F0C4
:1001F000FDFA4FF07E5100F0F1FF08B9284638BDF6
:1002000001F0AAFB2122034602481A60BDE83840EB
:1002100000F05ABBA8B200082DE9F84320F00045D1
:10022000B5F17E5F044600F0B28000F2A880B5F11F
:100230007C5F06460DD2B5F1485F80F0CE808D49D7
:1002400000F008FD4FF07E5100F0C8FF002840F09C
:10025000C280204600F0CAFA01464FF07E5000F0FE
:10026000F7FC4FF07C5100F0FDFD0446824900F0A0
:10027000F9FD824900F0EEFC214600F0F3FD8049D3
:1002800000F0E6FC214600F0EDFD7E4900F0E2FCC6
:10029000214600F0E7FD7C4900F0DAFC214600F041
:1002A000E1FD7A4900F0D6FC214600F0DBFD7849FB
:1002B0008046204600F0D6FD764900F0C9FC214674
:1002C00000F0D0FD744900F0C5FC214600F0CAFDE5
:1002D000724900F0BDFC214600F0C4FD4FF07E5194
:1002E00000F0B8FC8146204600F084FA6C4B0746CB
:1002F0009D425BD8014620F47F6500F0ABFC0346CD
:1003000049464046984600F061FE0146404600F0EE
:10031000A9FD25F00F0580462946284600F0A2FDDC
:100320000146204600F094FC29460446384600F079
:1003300091FC0146204600F049FE014600F08AFC8F
:100340000146584800F084FC0146404600F080FC1D
:1003500029460446284600F07DFC0146524800F03C
:1003600077FC0146204600F073FC01464E4800F041
:100370006FFC002E09DC00F10040BDE8F883014667
:1003800000F066FC014600F021FEBDE8F883474915
:1003900000F068FD0346434920461C4600F062FD1C
:1003A0000146204600F056FCBDE8F8834946404629
:1003B00000F00CFE394600F055FD394600F04AFCCD
:1003C000014600F047FC3A4900F044FC014637483A
:1003D00000F03EFCCDE72046D7E7014600F042FDA5
:1003E0000546254900F03EFD244900F033FC29462E
:1003F00000F038FD224900F02BFC294600F032FDC8
:10040000204900F027FC294600F02CFD1E4900F091
:100410001FFC294600F026FD1C4900F01BFC294664
:1004200000F020FD1A490646284600F01BFD194938
:1004300000F00EFC294600F015FD174900F00AFCFB
:10044000294600F00FFD154900F002FC294600F096
:1004500009FD4FF07E5100F0FDFB0146304600F0F3
:10046000B5FD214600F0FEFC214600F0F3FBBDE89F
:10047000F88300BFCAF2497108EF1138047F4F3A80
:100480004611243DA80A4E3E90B0A63EABAA2A3E95
:100490002EC69D3D6133303F2D57014039D1194063
:1004A0009999793F2EBD3BB3DB0F493FDB0FC93F25
:1004B0002EBD3B3370B521F00045B5F1FF4F0A4624
:1004C00003462CD820F00046B6F1FF4F844626D8CC
:1004D000B1F17E5F35D08C1704F0020444EAD07489
:1004E00016B33DB3B5F1FF4F33D0B6F1FF4F21D076
:1004F000761BB6F1F45F4FEAE65028DA002934DAC9
:100500003C3032DA0020012C40D0022C36D02CB105
:10051000254900F09FFB254900F09AFB70BD194664
:10052000104600F097FB70BD022C08D0032CF5D1CB
:100530001F4870BDBCF1000F07DB1E4870BD1B4893
:1005400070BDBDE8704000F03DB81B4870BD194853
:10055000D9E7B6F1FF4F04F1FF341AD0022C1ED8B0
:10056000164B03EB8403D86870BD1146184600F0A3
:100570002DFD00F03BF900F025F8C4E70A4900F032
:1005800069FB0146094800F063FB70BD00F10040C3
:1005900070BD022C05D8094B53F8240070BD002013
:1005A00070BD074870BD00BF2EBDBB33DB0F494097
:1005B000DB0F49C0DB0FC93FDB0FC9BFA4A2000896
:1005C000DB0F493F2DE9F04120F00045B5F1A14F87
:1005D0000446074608D3B5F1FF4F73D8002840F30F
:1005E00081806F48BDE8F0816E4B9D427DD8B5F1AA
:1005F000445F6CD34FF0FF382146204600F032FCB8
:100600000146064600F02EFC0546674900F02AFC2C
:10061000664900F01FFB294600F024FC644900F005
:1006200019FB294600F01EFC624900F013FB294625
:1006300000F018FC604900F00DFB294600F012FCA8
:100640005E4900F007FB314600F00CFC5C490646B1
:10065000284600F007FC5B4900F0FAFA294600F052
:1006600001FC594900F0F4FA294600F0FBFB574918
:1006700000F0EEFA294600F0F5FB554900F0E8FAE3
:10068000294600F0EFFB0146304600F0E3FA214630
:1006900000F0E8FBB8F1FF3F014646D04D4D05EBB9
:1006A0008803196900F0D4FA214600F0D1FA014616
:1006B00055F8280000F0CCFA002F93DA00F1004042
:1006C000BDE8F081014600F0C5FABDE8F08142497D
:1006D00000F0C0FA4FF07E5100F080FD002889D074
:1006E00020467FE73D48BDE8F08100F07FF83C4BB5
:1006F00004469D421ED8A3F5D0039D423CD8014636
:1007000000F0A8FA4FF07E5100F0A2FA03464FF035
:10071000804120461C4600F09DFA0146204600F02C
:1007200055FC4FF00008044666E7204600F090FABA
:10073000BDE8F0812B4B9D4216D84FF07F5100F061
:1007400087FA03464FF07F5120461C4600F08AFB93
:100750004FF07E5100F07EFA0146204600F036FC54
:100760004FF00208044647E701461F4800F02EFC00
:100770004FF0030804463FE74FF07E5100F068FA5F
:1007800003464FF07E5120461C4600F063FA0146B6
:10079000204600F01BFC4FF0010804462CE700BF88
:1007A000DB0FC93FFFFFDF3ED769853C59DA4B3D80
:1007B000356B883D6E2EBA3D2549123EABAAAA3E46
:1007C00021A215BD6BF16E3D95879D3D388EE33DB1
:1007D000CDCC4C3EBCA20008CAF24971DB0FC9BFA8
:1007E000FFFF973FFFFF1B40000080BF20F000404D
:1007F000704700BF20F00042B2F1FF4FF8B5044649
:100800004ED2002A43D00028034650DB10F0FF42AE
:100810003ED0C1150024C3F31602A1F17F05CB071A
:100820004FF0190E4FF0807C214642F4000258BF71
:1008300052006D10520001EB0C039342CFBF1346E0
:1008400003EB0C016444D31ABEF1010E4FEA4302DC
:100850004FEA5C0CEFD1ABB11A4E3068716800F012
:10086000F7F937680146384600F0A4FC50B130680B
:10087000716800F0EFF936680146304600F090FCF0
:10088000E0B10234601000F17C5000EBC550F8BDBF
:100890005B001802114602F10102F9D54942B9E79D
:1008A000014600F0DFFA214600F0D4F9F8BD014618
:1008B00000F0CEF9014600F089FBF8BD013424F0C8
:1008C0000104DFE7DCA20008004870470000C07F99
:1008D00081F0004102E000BF83F0004330B54FEAF1
:1008E00041044FEA430594EA050F08BF90EA020F5E
:1008F0001FBF54EA000C55EA020C7FEA645C7FEAF1
:10090000655C00F0E2804FEA5454D4EB5555B8BF13
:100910006D420CDD2C4480EA020281EA030382EA84
:10092000000083EA010180EA020281EA0303362D16
:1009300088BF30BD11F0004F4FEA01314FF4801CE9
:100940004CEA113102D0404261EB410113F0004FFB
:100950004FEA03334CEA133302D0524263EB4303B2
:1009600094EA050F00F0A780A4F10104D5F1200E50
:100970000DDB02FA0EFC22FA05F2801841F10001AB
:1009800003FA0EF2801843FA05F359410EE0A5F17F
:1009900020050EF1200E012A03FA0EFC28BF4CF0B0
:1009A000020C43FA05F3C01851EBE37101F0004566
:1009B00007D54FF0000EDCF1000C7EEB00006EEB73
:1009C0000101B1F5801F1BD3B1F5001F0CD34908FD
:1009D0005FEA30004FEA3C0C04F101044FEA445254
:1009E00012F5800F80F09A80BCF1004F08BF5FEADB
:1009F000500C50F1000041EB045141EA050130BDBB
:100A00005FEA4C0C404141EB0101013C28BFB1F5CC
:100A1000801FE9D291F0000F04BF01460020B1FA17
:100A200081F308BF2033A3F10B03B3F120020CDAEA
:100A30000C3208DD02F1140CC2F10C0201FA0CF0C8
:100A400021FA02F10CE002F11402D8BFC2F1200C2D
:100A500001FA02F120FA0CFCDCBF41EA0C019040E3
:100A6000E41AA2BF01EB0451294330BD6FEA04042C
:100A70001F3C1CDA0C340EDC04F11404C4F1200217
:100A800020FA04F001FA02F340EA030021FA04F329
:100A900045EA030130BDC4F10C04C4F1200220FA80
:100AA00002F001FA04F340EA0300294630BD21FABE
:100AB00004F0294630BD94F0000F83F4801306BF84
:100AC00081F480110134013D4EE77FEA645C18BF78
:100AD0007FEA655C29D094EA050F08BF90EA020F0F
:100AE00005D054EA000C04BF1946104630BD91EA07
:100AF000030F1EBF0021002030BD5FEA545C05D10A
:100B00004000494128BF41F0004130BD14F5800448
:100B10003CBF01F5801130BD01F0004545F0FE41BC
:100B200041F470014FF0000030BD7FEA645C1ABFF1
:100B3000194610467FEA655C1CBF0B46024650EA28
:100B4000013406BF52EA033591EA030F41F4002154
:100B500030BD00BF90F0000F04BF0021704730B5DA
:100B60004FF4806404F132044FF000054FF00001AF
:100B700050E700BF90F0000F04BF0021704730B570
:100B80004FF4806404F1320410F0004548BF404245
:100B90004FF000013EE700BF42004FEAE2014FEA9A
:100BA00031014FEA02701FBF12F07F4393F07F4F75
:100BB00081F06051704732F07F4208BF704793F078
:100BC0007F4F04BF41F40021704730B54FF460748B
:100BD00001F0004521F000411CE700BF50EA01028E
:100BE00008BF704730B54FF000050AE050EA010237
:100BF00008BF704730B511F0004502D5404261EBA7
:100C000041014FF4806404F132045FEA915C3FF4E7
:100C1000D8AE4FF003025FEADC0C18BF03325FEA84
:100C2000DC0C18BF033202EBDC02C2F1200300FA35
:100C300003FC20FA02F001FA03FE40EA0E0021FA5A
:100C400002F11444BDE600BF80F0004002E000BFA6
:100C500081F0004142001FBF5FEA410392EA030FA7
:100C60007FEA226C7FEA236C6AD04FEA1262D2EBF1
:100C70001363C1BFD218414048404140B8BF5B42F6
:100C8000192B88BF704710F0004F40F4000020F08F
:100C90007F4018BF404211F0004F41F4000121F0A5
:100CA0007F4118BF494292EA030F3FD0A2F10102EF
:100CB00041FA03FC10EB0C00C3F1200301FA03F12D
:100CC00000F0004302D5494260EB4000B0F5000F50
:100CD00013D3B0F1807F06D340084FEA310102F10F
:100CE0000102FE2A51D2B1F1004F40EBC25008BFC1
:100CF00020F0010040EA03007047490040EB00008B
:100D0000013A28BFB0F5000FEDD2B0FA80FCACF18B
:100D1000080CB2EB0C0200FA0CF0AABF00EBC250B8
:100D200052421843BCBFD0401843704792F0000FA6
:100D300081F4000106BF80F400000132013BB5E7F9
:100D40004FEA41037FEA226C18BF7FEA236C21D06F
:100D500092EA030F04D092F0000F08BF08467047D4
:100D600090EA010F1CBF0020704712F07F4F04D1A2
:100D7000400028BF40F00040704712F100723CBFB5
:100D800000F50000704700F0004343F0FE4040F4DF
:100D9000000070477FEA226216BF08467FEA23639D
:100DA0000146420206BF5FEA412390EA010F40F488
:100DB000800070474FF0000304E000BF10F00043D4
:100DC00048BF40425FEA000C08BF704743F09643BB
:100DD00001464FF000001CE050EA010208BF7047D6
:100DE0004FF000030AE000BF50EA010208BF70475D
:100DF00011F0004302D5404261EB41015FEA010C72
:100E000002BF84460146002043F0B64308BFA3F169
:100E10008053A3F50003BCFA8CF2083AA3EBC2534B
:100E200010DB01FA02FC634400FA02FCC2F120026A
:100E3000BCF1004F20FA02F243EB020008BF20F0A1
:100E40000100704702F1200201FA02FCC2F1200207
:100E500050EA4C0021FA02F243EB020008BF20EAFC
:100E6000DC7070474FF0FF0C1CEAD0521EBF1CEA2A
:100E7000D15392EA0C0F93EA0C0F6FD01A4480EA18
:100E8000010C400218BF5FEA41211ED04FF0006301
:100E900043EA501043EA5111A0FB01310CF000402D
:100EA000B1F5000F3EBF490041EAD3715B0040EA53
:100EB000010062F17F02FD2A1DD8B3F1004F40EB23
:100EC000C25008BF20F00100704790F0000F0CF0F6
:100ED000004C08BF49024CEA502040EA51207F3ABA
:100EE000C2BFD2F1FF0340EAC250704740F4000095
:100EF0004FF00003013A5DDC12F1190FDCBF00F086
:100F000000407047C2F10002410021FA02F1C2F133
:100F1000200200FA02FC5FEA310040F1000053EACF
:100F20004C0308BF20EADC70704792F0000F00F01D
:100F3000004C02BF400010F4000F013AF9D040EA23
:100F40000C0093F0000F01F0004C02BF490011F4B7
:100F5000000F013BF9D041EA0C018FE70CEAD153B5
:100F600092EA0C0F18BF93EA0C0F0AD030F0004C35
:100F700018BF31F0004CD8D180EA010000F00040E9
:100F8000704790F0000F17BF90F0004F084691F0A7
:100F9000000F91F0004F14D092EA0C0F01D14202E1
:100FA0000FD193EA0C0F03D14B0218BF084608D1AA
:100FB00080EA010000F0004040F0FE4040F40000F4
:100FC000704740F0FE4040F4400070474FF0FF0C87
:100FD0001CEAD0521EBF1CEAD15392EA0C0F93EACE
:100FE0000C0F69D0A2EB030280EA010C49024FEA20
:100FF000402037D04FF0805343EA111143EA1013D9
:101000000CF000408B4238BF5B0042F17D024FF490
:10101000000C8B4224BF5B1A40EA0C00B3EB510F6B
:1010200024BFA3EB510340EA5C00B3EB910F24BF54
:10103000A3EB910340EA9C00B3EBD10F24BFA3EBD9
:10104000D10340EADC001B0118BF5FEA1C1CE0D1A1
:10105000FD2A3FF650AF8B4240EBC25008BF20F054
:10106000010070470CF0004C4CEA50207F32C2BFA8
:10107000D2F1FF0340EAC250704740F400004FF045
:101080000003013A37E792F0000F00F0004C02BF76
:10109000400010F4000F013AF9D040EA0C0093F040
:1010A000000F01F0004C02BF490011F4000F013B9A
:1010B000F9D041EA0C0195E70CEAD15392EA0C0F02
:1010C00008D142027FF47DAF93EA0C0F7FF470AF3A
:1010D000084676E793EA0C0F04D14B023FF44CAF7D
:1010E00008466EE730F0004C18BF31F0004CCAD112
:1010F00030F000427FF45CAF31F000437FF43CAF4E
:101100005FE700BF4FF0FF3C06E000BF4FF0010C6F
:1011100002E000BF4FF0010C4DF804CD4FEA400251
:101120004FEA41037FEA226C18BF7FEA236C11D09B
:1011300001B052EA530C18BF90EA010F58BFB2EB4E
:10114000030088BFC81738BF6FEAE17018BF40F0CE
:10115000010070477FEA226C02D15FEA402C05D182
:101160007FEA236CE4D15FEA412CE1D05DF8040B07
:10117000704700BF844608466146FFE70FB5FFF79A
:10118000C9FF002848BF10F1000F0FBD4DF808ED52
:10119000FFF7F4FF0CBF012000205DF808FB00BF43
:1011A0004DF808EDFFF7EAFF34BF012000205DF89D
:1011B00008FB00BF4DF808EDFFF7E0FF94BF0120EA
:1011C00000205DF808FB00BF4DF808EDFFF7D2FFE7
:1011D00094BF012000205DF808FB00BF4DF808ED2A
:1011E000FFF7C8FF34BF012000205DF808FB00BFF7
:1011F0004FEA40024FEA41037FEA226C02D15FEAE4
:10120000402C08D17FEA236C02D15FEA412C02D145
:101210004FF0000070474FF0010070474FEA400266
:10122000B2F1FE4F0FD34FF09E03B3EB12620DD914
:101230004FEA002343F0004310F0004F23FA02F07E
:1012400018BF404270474FF00000704712F1610F25
:1012500001D1420205D110F0004008BF6FF00040FC
:1012600070474FF00000704742000ED2B2F1FE4FBF
:101270000BD34FF09E03B3EB126209D44FEA002365
:1012800043F0004323FA02F070474FF0000070472C
:1012900012F1610F01D1420202D14FF0FF307047CD
:1012A0004FF00000704700BF0CB470B50C4600252D
:1012B0006FF000469CB00A4A20AB059253F8042B0D
:1012C00002A9CDE901341B9504960796069400F017
:1012D000B3F9029B1D701CB0BDE8704002B07047AE
:1012E0000802FFFF0EB470B504466FF000460025FB
:1012F0009DB00B4A21AB0B49106853F8042B0591A4
:1013000002A9CDE90134049607961B95069400F0D6
:1013100093F9029B1D701DB0BDE8704003B070478B
:10132000000000200802FFFF30B51B4C0029246894
:101330009BB02BDB4FF00005009004904FF402703F
:101340001995ADF80C004FF6FF7511D001390291D7
:10135000059120466946ADF80E5000F06DF9421C2B
:1013600001DA8B2323600022009B1A701BB030BD72
:101370000291059120466946ADF80E5000F05CF9E7
:10138000431C01DA8B2323601BB030BD8B234FF04D
:10139000FF302360F8E700BF0000002030B514469E
:1013A000002C05469BB02CDB1A4600914FF40273CB
:1013B00004914FF000014FF6FF7C1991ADF80C300D
:1013C00011D0013C69461E9B02940594ADF80EC0F5
:1013D00000F032F9421C01DA8B232B600022009BC3
:1013E0001A701BB030BD1E9B694602940594ADF87F
:1013F0000EC000F021F9431C01DA8B232B601BB0D7
:1014000030BD8B234FF0FF302B60F8E720F0030155
:1014100010F00300C0F1000051F8043B00F1040C8F
:101420004FEACC0C6FF000021CBF22FA0CF21343FF
:101430004FF0010C4CEA0C2C4CEA0C4CA3EB0C02C8
:1014400022EA030212EACC1204BF51F8043B043032
:10145000F4D0C2F1000102EA0102B2FA82F2C2F152
:101460001F0200EBD20070472DE9F0471D468F6840
:101470000C46AF4216460B6836D8B1F90CC01CF4C6
:10148000906F0ED13D46184631462A4600F06EFB5D
:101490000020A368DF1B2368A7602B442360BDE8FE
:1014A000F0874A69096902EB42025F1A02EBD272C5
:1014B0006B1C52103B44934292BF914699461A4688
:1014C0001CF4806F804611D0114600F071FA8246FC
:1014D00000B33A46216900F089FCA38923F49063A4
:1014E00043F08003A38105E02F46CCE700F02EFDFA
:1014F000824658B10AEB0703A9EB0707A760C4F8B7
:1015000010A02F46C4F814902360BCE74046216920
:1015100000F0CEFA0C22A3894FF0FF3043F04003D5
:10152000C8F80020A381BAE72DE9F04F936883B093
:10153000924617680190002B76D04FF0000B0C46B6
:101540005D468B680A6848E0B4F90CC01CF4906FE3
:101550002FD0D4E90403A2EB000803EB430202EB13
:10156000D27208F1010152102944914292BF914672
:1015700089460A461CF4806F39D01146019800F064
:1015800017FA064600283DD04246216900F02EFC9D
:10159000A28922F4906242F08002A28106EB080048
:1015A000A9EB08022661A8462E46A2602060C4F876
:1015B00014903246594600F0D9FADAF80810A368B8
:1015C0002268A3EB08033244491BA3602260CAF8D7
:1015D000081049B3D7E900B5083798461046002DE2
:1015E000F8D09D421E46AFD2A8462E46E1E70146FE
:1015F000019800F0ABFC06460028CFD10198216984
:1016000000F056FA0C21A389019D43F040032960A4
:101610000022A3814FF0FF300023CAF80820CAF847
:10162000043003B0BDE8F08F00200023CAF8043076
:1016300003B0BDE8F08F00BF2DE9F04F1C468B8949
:1016400089461D06824693469DB003D50B69002B43
:1016500000F0EE80002343F2200209939BF8003053
:1016600001277C4E0394ADF82920002B71D05D46F4
:1016700003E015F8013F002B73D0252BF9D1B5EB12
:101680000B0471D12A78002A63D000234FF0FF3277
:101690000135CDE90523049307938DF853301A9350
:1016A00006E02546049B801B07FA00F003430493E1
:1016B0002C46052214F8011B304600F02FFFA346EC
:1016C0000028EED1049BD90644BF20228DF8532078
:1016D0001A0748BF2B22297848BF8DF853202A29A2
:1016E0004FD1039A11680432002903927BDB0791E2
:1016F00069782E295BD0584C0322204600F00EFF5B
:1017000038B14022049B001B824013430BF1010BB4
:1017100004931BF8011B062250488DF8281000F096
:10172000FDFE002865D04E4B002B55D003A900913B
:101730004A4650464B4B04A9AFF300808046B8F1AF
:10174000FF3F06D0099B434409939BF80030002BD0
:101750008DD1B9F80C305B0679D409981DB0BDE87D
:10176000F08FB5EB0B04F4D023465A464946504659
:10177000FFF77AFE0130ECD0099B2A7823440993C5
:1017800081E7A1F13002092A88BFAB46B1D8079B97
:1017900000E00134217803EB830302EB4303A1F162
:1017A0003002092AF5D92E29A3460793A3D19BF825
:1017B00001102A2927D1039B0BF102001A68043378
:1017C000002A0393B8BF4FF0FF339BF80210059235
:1017D0008346B8BF05938EE7039B073323F00703C7
:1017E00008330393AEE7494243F0020307910493A1
:1017F0007EE703A900914A4650461A4B04A900F01F
:1018000069FC80469BE70023A1F13002092A0BF115
:10181000010B05933FF66FAF1BF8011F03EB83032A
:1018200002EB4303A1F13002092AF5D9059362E7DF
:10183000402100F0BDF8C9F80000C9F8100018B147
:101840004023C9F8143005E70C23CAF800304FF0E4
:10185000FF3083E718B2000820B2000824B2000865
:10186000000000006914000870B50F4B0F4DAB422B
:10187000A3EB050607D00024B61055F8043B01344D
:101880009847A642F9D808F001FD094D094B5E1BA7
:10189000AB424FEAA60606D0002455F8043B0134BB
:1018A0009847A642F9D870BDE4B20008E4B2000837
:1018B000E4B20008E8B2000870B5860747D0541EAD
:1018C000002A3ED00346CAB201E0013C39D303F8F6
:1018D000012B9D07F9D1032C2CD9CDB205EB0525A1
:1018E0000F2C1A4605EB054534D9A4F1100C2CF049
:1018F0000F0603F1100EB6444FEA1C1CC2E9005556
:10190000C2E9025510327245F8D10CF1010214F00F
:101910000C0F03EB021204F00F0C13D0ACF1040314
:1019200023F003030433134442F8045B9342FBD1D6
:101930000CF003042CB1C9B21C4403F8011BA342F0
:10194000FBD170BD64461346002CF4D1F9E7034681
:101950001446C0E7A446E1E7014B1868704700BF92
:101960000000002070B5114E054633680C46BBB12F
:101970002146284600F0CAFE431C01460CD0C41C78
:1019800024F00304A04205D02846611A00F0BEFEF0
:10199000013001D0204670BD4FF0FF34204670BDAD
:1019A000194600F0B3FE3060E2E700BFB40000204B
:1019B0002DE9F843CD1C25F0030508350C2D38BF63
:1019C0000C25002D064618DBA94216D8DFF8DC806E
:1019D00000F0C2FCD8F80420A2B1144603E063680A
:1019E00022467BB11C4623685B1BF8D40B2B1FD807
:1019F0009442636854D053600CE00C2333600020A1
:101A0000BDE8F88329463046FFF7ACFF431C044687
:101A100019D00560304600F0A1FC04F10B00231D35
:101A200020F00700C21A1CBF1B1AA350BDE8F883A0
:101A300061199442256014BF5160C8F804106351C5
:101A400063684B60E6E7D8F804701FB33C467F68D4
:101A5000002FFBD123683946304604EB030900F020
:101A600055FE814516D123683046ED1A2946FFF709
:101A700079FF01300ED02368D8F804202B4423606E
:101A8000536883B1A34203D01A465B689C42FBD1E2
:101A90000023B0E70C233046336000F05FFCAEE774
:101AA000C8F80430B6E7C8F80470B3E7B400002003
:101AB000002950D038B551F8043C0C1F002BB8BF9A
:101AC000E418054600F048FC274A13682BB1A342EE
:101AD0000CD92168601883422CD0284663601460BA
:101AE000BDE8384000F03ABCA3420FD81A465B6804
:101AF000002BF9D111685018844217D02CD36360A1
:101B000054602846BDE8384000F028BC11685018E1
:101B1000A04214D020D8216860188342EFD1186801
:101B20005B680844C4E900035460EAE723680B4497
:101B30001360E6E718685B6808442060CDE720681A
:101B40000144501883421160DBD1D3E90004014401
:101B5000C2E90014D5E770470C2328462B60BDE886
:101B6000384000F0FBBB00BFB800002088420ED90F
:101B70008B1883420BD900EB020C002A6DD0624611
:101B800013F801CD994202F801CDF9D170470F2A1F
:101B90000FD8034602F1FF3C002A5ED00CF1010C85
:101BA000013B8C4411F8012B614503F8012FF9D159
:101BB000704740EA01039B0750D1A2F1100370B5B2
:101BC00001F1200C23F00F0501F1100E00F11004BB
:101BD000AC441B095EF8105C0EF1100E44F8105C6A
:101BE0005EF81C5C103444F81C5C5EF8185C44F829
:101BF000185C5EF8145CE64544F8145CEAD10133E5
:101C000012F00C0F01EB031102F00F0400EB0313B1
:101C100028D08E46043C24F003064FEA940C1E4460
:101C20001C1F5EF8045B44F8045FB442F9D10CF168
:101C3000010402F0030203EB840301EB840102F1CF
:101C4000FF3C4AB10CF1010C013B8C4411F8012B13
:101C5000614503F8012FF9D170BD7047034602F1C9
:101C6000FF3C9BE72246EAE70A22002100F0B0B8D9
:101C70000A23002200F09CB8242B2DE9F84F42D80B
:101C8000012B40D01F468E468046484875461EF8B8
:101C900001BB10F80B4014F00804F7D1BBF12D0F75
:101CA0006FD06FF00049BBF12B0F04BF9EF800B05E
:101CB00005F1020E7BBBBBF1300F4CD00A273B462F
:101CC0000025B9FBF7F6284607FB169A05E03BD03E
:101CD000012507FB00C01EF801BBABF1300CBCF1C5
:101CE000090F06D9ABF1410CBCF1190F1AD8ABF1B1
:101CF000370C63451FDDB5F1FF3FECD08642E6D2DD
:101D00004FF0FF35E7E7FFF727FE162203460020D6
:101D10001A60BDE8F88F102BD2D1BBF1300F23D061
:101D20001F46CDE7ABF1610CBCF1190F03D8ABF145
:101D3000570C6345DFDC6B1C2BD054B9002AE8D06C
:101D400085BB1160BDE8F88FE245C1DA4FF0FF3581
:101D5000C1E74042F2E79EF8003003F0DF03582B62
:101D600008D008273B46ABE79EF8000000F0DF00F4
:101D70005828D5D110279EF801B03B460EF1020E2F
:101D80009EE79EF800B04FF00049012405F1020ED5
:101D900090E72223C8F8003032B10EF1FF314846F7
:101DA0001160CFE78146F8E74846B2E7E5A20008B0
:101DB00062E700BF8C4600B586461346034A71466B
:101DC00010685DF804EB624656E700BF0000002093
:101DD0008C4600B586461346034A714610685DF886
:101DE00004EB624648E700BF00000020844641EA59
:101DF000000313F0030349D1403A23D30B68036077
:101E00004B6843608B688360CB68C3600B69036178
:101E10004B6943618B698361CB69C3610B6A036260
:101E20004B6A43628B6A8362CB6AC3620B6B036348
:101E30004B6B43638B6B8363CB6BC363403040312D
:101E4000403ADBD230320BD30B6803604B684360FF
:101E50008B688360CB68C36010301031103AF3D2C6
:101E60000C3205D351F8043B40F8043B043AF9D254
:101E7000043208D0D2071CBF11F8013B00F8013B27
:101E800001D30B8803806046704700BF082A13D334
:101E90008B07B1D010F00303AED0C3F10403D21A04
:101EA000DB071CBF11F8013B00F8013BA4D331F85C
:101EB000023B20F8023B9FE7043AD9D3013A11F8DC
:101EC000013B00F8013BF9D20B7803704B7843706B
:101ED0008B78837060467047194B70B51D68044657
:101EE0006A6C0E4632B131462046BDE8704001238F
:101EF00000F00CBE502000F061FE02466864D0B1D4
:101F000000230377C0E90033C0E90233C0E904339A
:101F1000C0E90B33C0E90D33C0E90F33C0E9113319
:101F2000C0E909338361C36431462046BDE870408F
:101F3000012300F0EBBD5B21024B034800F0C0FB26
:101F4000000000202CB2000844B200082DE9F04146
:101F5000144641B30AB306460D4600F0E9FB84423D
:101F6000074602D8B4EB500F13D821463046FFF78E
:101F70001FFD804650B1BC422246294628BF3A4642
:101F8000FFF734FF29463046FFF792FD4046BDE893
:101F9000F081A8464046BDE8F081A046FFF788FDE5
:101FA0004046BDE8F0811146BDE8F041FFF700BDB5
:101FB0002DE9F84F92461F460A698B680C469A42F3
:101FC000B8BF1A46CAF8002091F843300646DDF83B
:101FD000289013B10132CAF80020226891065FD51B
:101FE000DAF800300233CAF80030226812F0060F27
:101FF00011461DD1E1689942D8BF114618DD4FF056
:10200000000804F1190B05E0E568DAF80030ED1A74
:1020100045450CDD01235A4639463046C847013054
:1020200008F10108F0D14FF0FF30BDE8F88F2168CA
:1020300094F84330003B18BF01238A060AD53021AB
:10204000E21882F8431094F845105A1C22440233D7
:1020500082F843103946304604F14302C847013044
:10206000E1D0D4E902202368DAF8005003F0060337
:10207000042B21691BD08A4220DD4FF00008521A40
:10208000904400251A3401E0454517DA0123224621
:1020900039463046C847013005F10105F4D1C2E7A1
:1020A00012F0060F0DD0003B18BF0123D2E7401BF2
:1020B0008A4220EAE078E2DC0028E2DC0020BDE889
:1020C000F88FE168DAF800309942D8BF114696DC03
:1020D000AEE700BF2DE9F04717460A7E84B00C46F4
:1020E000064698460C9D01F1430C002A35D0A2F11A
:1020F0005803D9B2202969D8202B67D8DFE813F01C
:10210000E60066006600660066006600660066001F
:10211000660066006600AC0070006600660066003F
:10212000660070006600660066006600210083009D
:10213000C60066006600B6006600830066006600A2
:10214000EC002B682268181D6169286010061B6866
:1021500002D4520600F1E08019600023E1462361B9
:102160003B4621463046CDF8008003AAFFF720FF0A
:10217000013020D04A46394630462369C0470130F5
:1021800019D02368E0689B07DDF80C9018D5484506
:1021900016DD002504F1190A04E0E068A0EB09034C
:1021A000AB420DDD0123524639463046C04701306F
:1021B00005F10105F1D14FF0FF3004B0BDE8F08723
:1021C0004845B8BF484604B0BDE8F087012084F810
:1021D000422004F142090023206184F84330BFE724
:1021E0002A682368111D1806296002D4590600F1D7
:1021F00095801068014600286268C0F293804FF015
:102200000A0E534815E020682B6810F0800F53F831
:10221000041B02D1400648BF89B26F2A14BF4FF099
:102220000A0E4FF0080E4A482B600023626884F8BB
:102230004330002AA26051DB236823F004032360AB
:1022400000294BD1002A7BD1E146BEF1080F56D0C0
:10225000ACEB0903236183E72A680120116804328B
:102260002A6004F1420984F84210B4E72B68002187
:102270001A1D2A60D3F800906268484600F04EF9B3
:10228000002863D0A0EB09006060A4E7236843F056
:102290002003236078222F4884F845202A6813F011
:1022A000800F52F8041B03D113F0400F18BF89B2FE
:1022B0002A60DA0744BF43F02003236019B923687A
:1022C00023F0200323604FF0100EAEE75823204880
:1022D00084F845302368E1E72368DBE77546E1468B
:1022E000B1FBF5F30A4605FB131A194610F80A303C
:1022F000AA4209F8013DF3D2BEF1080FA8D1236824
:10230000DD07A5D5626823699A42A1DC302309F173
:10231000FF3989F800309BE719801EE7B2F90010F9
:10232000084668E72D20002AA26084F8430002DBFB
:1023300023F0040323600A250548AE464942CEE750
:10234000037804F1420984F842307EE7606842E78E
:1023500074B2000888B20008704700BF704700BF21
:1023600080EA010C1CF0030F37D110F0030C20F0B1
:10237000030021F0030150F8042B08BF51F8043B7F
:102380000ED08CF0030C6FF07F434FEACC0C23FA95
:102390000CFC51F8043B42EA0C0243EA0C0300BF78
:1023A000A2F1013C9A4201BF2CEA020C1CF0803FD2
:1023B00050F8042B51F8043BF2D04FEA02604FEA88
:1023C0001222012828BFB0EB036F08BF1B0AF4D00C
:1023D00003F0FF03000EC01A704710F0030F0AD07D
:1023E00010F8012B11F8013B012A28BF9A42F4D0C2
:1023F000A2EB030070474DF8045D50F8042B01F088
:10240000030521F0030151F8043B022D26D04DD8DD
:1024100022F07F45B5EB132FA2F1013C2CEA020C10
:102420000DD11CF0803C08BF51F8043B0AD185EA6D
:102430000205B5EB036F0CD150F8042BE8E74FEA27
:1024400013235BE03CF07F4C54D10B784FEA1265CC
:1024500054E04FEA126503F0FF034FE04FEA0245F4
:10246000A2F1013C4FEA15452CEA020CB5EB134FE3
:1024700018D11CF0803C08BF51F8043B07D185EA15
:102480000205B5EB034F09D150F8042BE6E75FEAEC
:102490000C4C2FD10B884FEA12452FE04FEA034333
:1024A0004FEA12454FEA134328E000BF02F0FF0550
:1024B000B5EB136FA2F1013C2CEA020C0DD11CF01C
:1024C000803C08BF51F8043B0AD185EA0205B5EB10
:1024D000032F0AD150F8042BE8E74FEA13630DE00D
:1024E00012F0FF0F06D051F8043B4FEA122523F0FB
:1024F0007F4303E04FF0000020BC704705F0FF026F
:1025000003F0FF00012828BF904204BF2D0A1B0AD8
:10251000F4D0A2EB000020BC704700BF5FFA81FC42
:10252000810744D00346511E22B909E09A0709D019
:10253000013905D31846027801336245F6D1704758
:1025400000207047184603290CD80029F8D003460C
:10255000014401E08B42F3D0184613F8012B624589
:10256000F8D1704710B50CEB0C24024604EB044480
:1025700002E00439032915D9104652F8043B6340A0
:10258000A3F1013E2EEA030313F0803FF1D003468E
:10259000014401E08B4208D0184613F8012B624534
:1025A000F8D110BD10460029F1D1002010BD114610
:1025B000C9E700BF08B410B5002A04469DB034DB5B
:1025C0004FF4027C4FF00003ADF814C01B934FF69C
:1025D000FF7C0291069120AB15D0013A049207923C
:1025E00002A91F9A0193ADF816C0FFF725F8421C07
:1025F00001DA8B2323600022029B1A701DB0BDE814
:10260000104001B070470492079202A91F9A0193EB
:10261000ADF816C0FFF710F8431C01DA8B232360D6
:102620001DB0BDE8104001B070478B234FF0FF3064
:102630002360F5E70CB410B5204B00291C689CB052
:1026400036DB4FF000034FF402721B934FF6FF7C12
:1026500002900690ADF814201FAB16D001391E9AD7
:1026600004910791204602A90193ADF816C0FEF728
:10267000E3FF421C01DA8B2323600022029B1A70C5
:102680001CB0BDE8104002B070470491079120468D
:102690001E9A02A90193ADF816C0FEF7CDFF431CA8
:1026A00001DA8B2323601CB0BDE8104002B07047F4
:1026B0008B234FF0FF302360F5E700BF00000020C0
:1026C000144600B51A460A4B0D461B6885B0DE68F5
:1026D00003464CB1074901913046074902940095E1
:1026E00000F08AFA00F03EF904490C46F3E700BF17
:1026F000000000209CB20008ACB20008A8B200089C
:1027000008B513460022FFF7DBFF00BF002238B5F3
:10271000064D044608462A6005F016FC431C00D00E
:1027200038BD2B68002BFBD0236038BDF80100209A
:1027300051F8043C181F002BBCBF0B58C018704741
:1027400000207047024A0349034800F015BA00BF51
:1027500050000020892A0008040000200C4B41682A
:1027600010B59942044601D000F08EF9A168094BDA
:10277000994202D0204600F087F9E168064B994261
:1027800004D02046BDE8104000F07EB910BD00BF67
:10279000BC000020240100208C0100200020704794
:1027A0002DE9F84300250423294C2A490822C4F8BE
:1027B000381104F15C002946DFF89C90DFF89C801A
:1027C000274F284EC4E90335C4E90055C4E905552F
:1027D000A5606566FFF770F8234B0822294604F1CF
:1027E000C4006367C4E90849C4E90A87C4E91A5503
:1027F000C4E91E5526632567C4F8CC50C4F8805040
:10280000FFF75AF8194B2946C4F8DC30082204F1C6
:10281000680304F59670C4F88830C4E92398C4E9C5
:102820002576C4E93455C4E93855C4F8D850C4F8FD
:102830003451C4F8E850FFF73FF804F1D003C4E97D
:102840003D98C4E93F76C4F8F030BDE8F88300BF96
:10285000BC00002045270008A92F0008D12F000840
:102860001130000835300008090001001200020094
:10287000F8B5254B0646D3F83831002B3CD0234F12
:10288000D7E90134013B04D51DE05A1C04F168046A
:1028900019D0B4F90C50013B002DF6D11C4B082285
:1028A0002946C4E90155C4E90455E360656625601D
:1028B000A56104F15C00FEF7FFFFC4E90D55C4E912
:1028C00012552046F8BD3D680DB12F46D8E74FF4AC
:1028D000D6713046FFF76CF8044680B104230560DA
:1028E000294625460C304FF4D072A0606360FEF795
:1028F000E3FF3C602F46C3E7FFF752FFBFE70C231F
:1029000038603360DDE700BFBC00002050000020CD
:102910000100FFFF036A03B17047044B044AD3F878
:1029200038310262002BF7D13AE700BFBC0000202B
:102930005D270008704700BF704700BF0020024AB3
:10294000024900F019B900BF5000002041270008DB
:102950000020024A024900F00FB900BF50000020D9
:102960009D270008062008B500F074FD012005F041
:1029700015FB00BFF8B5B1F90C300C461E07074631
:1029800039D44A68002A53DDE56A002D31D000228F
:102990003E683A6013F48052216A55D101233846CB
:1029A000A847451C024663D0B4F90C30E56A216A99
:1029B000580705D56368D21A636B0BB1236CD21A22
:1029C00000233846A847421C40D000222369626099
:1029D0002360A389DB0400D56065616B3E6041B173
:1029E00004F14403994202D03846FFF761F800230E
:1029F00063630020F8BD0E69002EFAD09B0718BF54
:102A000000230D6808BF4B690E60AD1B8B600CE0A6
:102A10002B463246D4F828C03846216AE047B0F148
:102A2000000CA5EB0C05664406DD002DF0DCE0E7AC
:102A30000A6C002AA8DCDCE7B4F90C3043F0400350
:102A40004FF0FF30A381F8BD626DB1E73968B4F98A
:102A50000C301D29F2D80B4ACA40D507EED500220A
:102A6000626022692260DA04B7D50029B4D0B4E7E5
:102A70003B68002B98D01D2B01D0162BDCD13E607B
:102A8000B7E700BF010040200B69B3B110B50446A1
:102A900082B008B1036A5BB1B1F90C3013B9002000
:102AA00002B010BD204602B0BDE81040FFF762BF83
:102AB0000191FFF72FFF0199EEE70020704700BF5B
:102AC000B8B138B50D4A0369044615682BB10DB18C
:102AD0002B6A53B1B4F90C300BB9002038BD214634
:102AE0002846BDE83840FFF745BF2846FFF712FFEC
:102AF000F0E7034A0349044800F03EB80000002014
:102B000050000020892A00080400002018B3F0B407
:102B100007468C4617F8015B01E0A54214D01CF86B
:102B2000014B002CF9D1DDB13E460C4616F8015B95
:102B300000E063B114F8013B9D42FAD14DB100238E
:102B40003B701660F0BC704773B13846E0E737461B
:102B5000EAE72E46F5E710680028D8D10020704734
:102B600000201560F0BC704717600370EAE700BFF3
:102B70000123FFF7CBBF00BF2DE9F8434FF0000959
:102B800080460F461646D6E90154013D10D4A3896C
:102B9000012B08D9B4F90E30013304D02146404648
:102BA000B84749EA0009013D6B1C04F16804EED105
:102BB0003668002EE7D14846BDE8F883024B01464F
:102BC0001868FEF7F5BE00BF00000020024B01466A
:102BD0001868FEF76DBF00BF000000200CB400B500
:102BE00083B004AB53F8042B019300F055F803B005
:102BF0005DF804EB02B070470EB400B5074A82B02E
:102C000003AB0146106853F8042B019300F044F81D
:102C100002B05DF804EB03B0704700BF0000002075
:102C20009368013B002B936005DAD2F818C0634526
:102C300007DB0A2905D01368581C10600846197074
:102C4000704700F063B900BF9BB1F8B51344064666
:102C50000F46541E5D1E01E0AC4208D03A46304695
:102C600014F8011FFFF7DCFF431CF5D1F8BD00206D
:102C7000F8BD0020704700BF936810B514461BB91B
:102C800018460023636010BD00F0D8F90023A3604C
:102C90000023636010BD00BF2DE9F04FA1B08B464B
:102CA00091461C46049018B1036A002B00F0138172
:102CB000BBF80C30180740F18E80DBF81030002B89
:102CC00000F08980002343F220020D9399F8003030
:102CD0000127824E0794ADF83920002B73D04D4662
:102CE00003E015F8013F002B7FD0252BF9D1B5EB80
:102CF000090A7DD12B78002B65D000234FF0FF32DD
:102D00000135CDE9092308930B938DF863301E93A9
:102D100006E02546089B801B07FA00F00343089352
:102D20002C46052214F8011B3046FFF7F7FBA1469D
:102D30000028EED1089BD90644BF20228DF86320DD
:102D40001A0748BF2B22297848BF8DF863202A290B
:102D500064D1079A1168043200290792C0F2968064
:102D60000B9169782E296FD05D4C03222046FFF726
:102D7000D5FB38B14022089B001B8240134309F168
:102D80000109089319F8011B062256488DF83810DE
:102D9000FFF7C4FB00287FD0534B002B69D007A955
:102DA00000915A460498514B08A9AFF30080039054
:102DB000039B013307D00D9B039A13440D9399F89D
:102DC0000030002B8BD1BBF80C305B060AD40D9879
:102DD00021B0BDE8F08F5946049800F0E9FB0028C7
:102DE0003FF470AF4FF0FF30F2E7B5EB090AEAD0DD
:102DF00009F1FF3805954546DDF8108001E0A24550
:102E00003ED92C465A46404615F8011FFFF708FFE9
:102E100002340130A4EB0904F1D1D4E7A1F130026E
:102E2000092A88BFA9469DD80B9B00E00134217870
:102E300003EB830302EB4303A1F13002092AF5D926
:102E40002E29A1460B938FD199F801102A292DD153
:102E5000079B09F102001A680433002A0793B8BFE0
:102E60004FF0FF3399F8021009928146B8BF0993D9
:102E70007AE7079B073323F00703083307939AE7A2
:102E80000D99059D51442B780D9134E7494243F04B
:102E900002030B91089364E707A900915A4604982E
:102EA000124B08A9FFF716F9039081E70023A1F15F
:102EB0003002092A09F1010909933FF655AF19F8C3
:102EC000011F03EB830302EB4303A1F13002092A44
:102ED000F5D9099348E7FFF71DFDE9E618B20008A8
:102EE00020B2000824B2000800000000492C0008AD
:102EF0008C4600B586461346034A714610685DF855
:102F000004EB6246FFF7C8BE00000020F8B5064695
:102F10000D46144610B1036A002B37D0A269A3896D
:102F2000A2601A0719D52369BBB122686169D31A57
:102F3000EDB299422F4620DD0133A1680139A1602D
:102F4000511C2160157062699A420DD0A389DB077C
:102F500001D50A2D08D03846F8BD2146304600F08C
:102F600027FB38B92369E0E721463046FFF78CFD9F
:102F70000028F0D04FF0FF37EDE721463046FFF74D
:102F800083FD0028F6D101232268D6E7FFF7C2FCB3
:102F9000C4E700BF03460A46024908681946FFF71E
:102FA000B5BF00BF0000002010B50C46B1F90E10EF
:102FB00000F060FB002803DB636D0344636510BD14
:102FC000A38923F48053A38110BD00BF0020704764
:102FD0002DE9F0410C46B1F90C101F46CB05054612
:102FE00016460BD421F48051A1813B463246284637
:102FF000B4F90E10BDE8F04100F0F0BBB4F90E10CA
:103000000223002200F0D4FBB4F90C10EAE700BF61
:1030100010B50C46B1F90E1000F0CAFBB4F90C3033
:10302000421C0EBF23F4805343F480536065A38198
:1030300010BD00BFB1F90E1000F0A8BA9368002BC4
:1030400000F0F0802DE9F04FB1F90CC090461CF073
:10305000080F81460C4683B02BD00B694BB31CF094
:103060000207D8F8006032D04FF0000A5546D4F875
:1030700028B0216AAB4FC5B1BD422B46524628BF8E
:103080003B464846D847002840F3C280D8F808306D
:1030900082441B1A2D1AC8F80830002B00F0AE80AD
:1030A000D4F828B0216A002DE6D1D6E900A508366B
:1030B000E1E72146484600F07BFA002840F0AD8069
:1030C000B4F90CC0D8F800601CF00207CCD11CF099
:1030D000010A63D157462368A16818468B46002F22
:1030E00058D01CF4007F00F0B180B9420A4600F2CB
:1030F000DD801CF4906F2FD0216962695D1A02EBAC
:10310000420202EBD2726B1C52103B44934292BFBC
:1031100093469B461A461CF4806F00F0E6801146E9
:103120004846FEF745FC002800F0F5802A46216954
:103130000190FEF75BFEA289019B22F4906242F0AF
:103140008002A2815819C4F814B0ABEB05053A46C9
:10315000BB462361A56020603D4600275146019291
:10316000FEF704FDA1682368019AA1EB0B011A4444
:10317000A1602260D8F80830AA445B1BC8F8083068
:10318000002B3BD02368A16818468B46B4F90CC0CD
:10319000002FA6D1D6E900A708369EE73846BB46E1
:1031A0003D46002D40D0002845D03A46D4E904C31E
:1031B0002068AA4228BF2A466045A16804D901EBCD
:1031C000030A524500F38280934272DC5A46484615
:1031D000216AD4F828C0E047B0F1000A18DDB7EB47
:1031E0000A070FD00120D8F80830D344A3EB0A0314
:1031F000A5EB0A05C8F80830002BD2D1002003B097
:10320000BDE8F08F21464846FFF73EFC0028EAD093
:10321000B4F90C3043F04003A3814FF0FF3003B00A
:10322000BDE8F08F00207047756833460836002DE2
:10323000FAD0D3F800B02A460A215846FFF76EF9B3
:10324000002865D00130A0EB0B07AEE722699A4257
:1032500014D36569BD4211D86FF00043BB4228BF4B
:103260003B4693FBF5F3524605FB03F34846A56A3C
:10327000216AA847051ECBDD7F1B7BE7B94228BF2B
:1032800039460D46184651462A46FEF76FFCA1689E
:103290002368491B2B44A16023600029ECD12146FF
:1032A0004846FFF7F1FB0028E6D0B1E7BB463A46B7
:1032B00052E759460192FEF759FC019AA3689246DB
:1032C0009B1AA36023681344236088E7594652463B
:1032D000FEF74CFC23682146534448462360FFF721
:1032E000D3FB00283FF47BAF92E74846FEF72EFE63
:1032F000034600287FF426AF48462169FEF7D8FB35
:103300000C22B4F90C30C9F8002023F0800381E7C7
:103310006A1C17464AE70C22B4F90C30C9F80020A1
:1033200078E700BF00FCFF7F38B5C46B0CB100200C
:1033300038BD80210546FEF73BFB0246E86330B10D
:10334000031F7C3243F8044F9342FBD1EFE74FF069
:10335000FF3038BD30B51F29054683B008D8C36B90
:103360000C4653B153F8240043F8242003B030BD79
:10337000162303604FF0FF30F8E780210192FEF73B
:1033800017FB019A0346E8630028F3D0011F00F100
:103390007C05002041F8040FA942FBD1E2E700BF01
:1033A0001F2938B505461ED8C26B0C466AB152F8C3
:1033B000213053B1012B06D0591C10D000212046DA
:1033C00042F824109847002038BD284600F042FA01
:1033D000224601462846BDE8384000F027BA1623A9
:1033E00001202B6038BD16234FF0FF302B6038BD15
:1033F0001F292BD838B5C36B0C460546A3B153F82B
:10340000242003EB84034AB1511C0BD0012A07D0BE
:10341000002520461D609047284638BD012038BD54
:10342000032038BD022038BD8021FEF7C1FA0346D3
:10343000E86340B100201A1F03F17C0142F8040F39
:103440008A42FBD1DBE74FF0FF3038BD4FF0FF3051
:10345000704700BF38B5134B1F281D681DD8EA6B95
:10346000044662B152F820304BB1012B05D0591CF3
:103470000FD0002142F820109847002038BD284680
:1034800000F0E8F9224601462846BDE8384000F041
:10349000CDB9162301202B6038BD16234FF0FF3025
:1034A0002B6038BD00000020114B1F2870B51E682E
:1034B00008D8F36B04460D464BB153F8240043F88B
:1034C000245070BD162333604FF0FF3070BD802153
:1034D0003046FEF76DFA0346F0630028F4D0002171
:1034E000021F7C3042F8041F8242FBD1E5E700BF97
:1034F0000000002038B50B4B1D68EC6B0CB10020B0
:1035000038BD80212846FEF753FAE86338B1031F1F
:1035100000F17C0243F8044F9342FBD1EFE74FF0F8
:10352000FF3038BD0000002038B5174B1F281D683C
:1035300026D80446E86BA0B150F8242000EB8403A1
:103540004AB1511C0BD0012A07D0002520461D602E
:103550009047284638BD012038BD032038BD0220E1
:1035600038BD80212846FEF723FAE86340B10021E8
:10357000031F00F17C0243F8041F9342FBD1DBE7F9
:103580004FF0FF3038BD00BF00000020002238B5EA
:10359000064D044608462A6004F022FD431C00D074
:1035A00038BD2B68002BFBD0236038BDF80100200C
:1035B00038B52F4B05461B680C4613B11A6A002A12
:1035C0004BD0B4F90C3018071CD5226922B313F084
:1035D000010107D000206169A0604942A1613AB1B0
:1035E000002038BD980758BF6169A160002AF7D153
:1035F000190658BF1046F4D543F04003A3814FF09D
:10360000FF3038BDD9062CD55A0712D4226943F0B1
:103610000803A381002ADAD103F42071B1F5007FF9
:10362000D5D02146284600F03BF8B4F90C30226989
:10363000CDE7616B51B104F14402914204D02846B8
:10364000FEF736FAB4F90C300022626300212269D9
:1036500023F02403C4E90021D9E71846FFF75AF9FB
:10366000AFE7092243F040032A60A381C7E700BF08
:103670000000002038B50C46114600228446074D54
:1036800020462A601A46644604F08EFC431C00D093
:1036900038BD2B68002BFBD0236038BDF80100201B
:1036A00070B5B1F90C300C46990796B007D50122D8
:1036B00004F14703C4E90432236016B070BDB4F9C5
:1036C0000E100546002929DB6A4600F0C5F80028DF
:1036D00022DB4FF480612846019EFEF769F988B32A
:1036E000A38906F4704643F08003A3814FF48063FE
:1036F000B6F5005FC4E904032060DED12846B4F9C2
:103700000E1000F081F80028D7D0A38923F003031E
:1037100043F00103A381D0E7B4F90C3013F0800F1C
:1037200014BF40264FF4806628463146FEF740F924
:1037300040B1A389C4E9040643F080032060A3815B
:1037400016B070BDB4F90C309A05B6D4012123F03F
:10375000030304F1470243F00203C4E90421A381F7
:103760002260AAE770B50C46B1F90E101546002983
:103770001E4696B00FDB6A4600F06EF800280ADBA2
:10378000019B4FF4806203F47043A3F50053B3FA36
:1037900083F35B0907E0A289002312F0800F14BFB6
:1037A00040224FF48062002033602A6016B070BD62
:1037B00038B50C46114600228446074D20462A6043
:1037C0001A46644604F016FC431C00D038BD2B6832
:1037D000002BFBD0236038BDF801002038B50C4623
:1037E000114600228446074D20462A601A46644648
:1037F00004F0E8FB431C00D038BD2B68002BFBD045
:10380000236038BDF8010020002238B5064D04467B
:1038100008462A6004F0ECFB431C00D038BD2B683E
:10382000002BFBD0236038BDF801002070B50026C6
:10383000074D0446084611462E6004F0A7FB431CC2
:1038400000D070BD2B68002BFBD0236070BD00BF83
:10385000F801002004F098BB70B50026074D04461F
:10386000084611462E6004F0BEFB431C00D070BD1C
:103870002B68002BFBD0236070BD00BFF801002037
:103880001FB54FF0640C0123CDE9013C00920A46BC
:103890000179006804F010FF05B05DF804FB7FB506
:1038A00001238DF817200A22CDE901320DF117020C
:1038B00000920A460179006804F06EFE07B05DF8D8
:1038C00004FB000038B50D460446A0B10B4B417116
:1038D00033F81100FDF76EFAA279094BE06053F856
:1038E0002230EA00204623611C21BDE8384002F066
:1038F000F802FFF7D4BF012038BD00BFF8A30008CD
:10390000E8A3000838B50D460446A0B142790B4B38
:10391000817133F81200FDF74DFA094BEA0053F8B4
:103920002530E06023612046BDE838401B2102F0CD
:10393000F802FFF7B4BF012038BD00BFF8A30008AC
:10394000E8A3000838B5044608B9012038BD0029AD
:10395000FBD0C379002B14BF4FF47A724FF4FA52A4
:10396000914228BF1146B2FBF1F2013A0D46D2B2A4
:103970001921FFF794FF0028E7D12581E6E728B158
:10398000C17101F007021A21FFF789BF01207047BA
:10399000002337B504468DF8073018B901252846AD
:1039A00003B030BD0368002BF8D0224B7521436073
:1039B0004FF08D43C360204B0DF107020361FFF709
:1039C0005FFF05460028E9D19DF807106829E5D179
:1039D00007222046FFF763FF0A2004F0F9FF2A467A
:1039E0006B212046FFF75BFF05460028D6D10A2051
:1039F00004F0EEFF2A466C212046FFF750FF0546F3
:103A00000028CBD16423E17923812046FFF7B7FF5B
:103A100021892046FFF796FF61792046FFF752FF84
:103A2000A1792046FFF76EFF01226B212046FFF7A8
:103A300036FFB4E7D0000002000003430021034B2F
:103A4000142203481980FDF737BF00BFFC01002096
:103A500000020020024630B5014441F221054FF634
:103A6000FF708A4200D130BD082412F8013B80EA81
:103A7000032003B2002BB4BF85EA4303430098B28E
:103A8000631E13F0FF04F4D1EBE770B58EB001AA0A
:103A90000346154600F13006144618685968083385
:103AA00003C4B3422246F7D11B783121237000238F
:103AB0002846ADF80C30FFF7CDFF0EB070BD10B545
:103AC0002922044600210830FDF7F6FE4622227026
:103AD000472262704322A2705322E27003222271B5
:103AE000022200232277642220466371A371E371CE
:103AF000E27784F82030FFF7C8FF208110BD000076
:103B0000F0B50168124A034691428FB01ED1426857
:103B1000013A092A1AD801AA1646048900F1300789
:103B2000154618685968083303C5BB422A46F7D1C1
:103B30001B7831212B7000233046ADF80C30FFF795
:103B400089FF231A584258410FB0F0BD0020FBE70F
:103B50004647435338B504460B48FFF7D1FF70B1D1
:103B60002346094D094C2A4603CAA24218605960EF
:103B7000154603F10803F6D112781A7038BD2046B5
:103B8000BDE83840FFF79BBF00F8000830F8000898
:103B9000F0B593B005AA0346164600F13005144669
:103BA00018685968083303C4AB422246F7D11B7822
:103BB000304623700024ADF81C40FFF766FFADF8D7
:103BC0001C0005F025FC0123CDE901440F4C69469A
:103BD00001A8CDE9034305F0C5FC28B105F02AFC96
:103BE0000125284613B0F0BD094F002321460220CD
:103BF00056F8042B05F052FC05460028EED104349B
:103C0000BC42F2D105F016FCEBE700BF00F800085B
:103C100030F8000810B5074C236853B103F064FB7B
:103C2000022806D120684FF0FF31BDE8104002F0B5
:103C3000CABB10BDF004002010B5084C23685BB16E
:103C400003F052FB022807D1002320681A46BDE882
:103C50001040194602F055BA10BD00BFF004002014
:103C600010B50446FFF7D6FF2046FDF7CFFB2146EF
:103C700082B26423034806F0E0F8BDE81040FFF785
:103C8000DBBF00BFAC3600202DE9F74305461348E3
:103C90000E460124FFF7E4FF4FF02008DFF84090C4
:103CA0006F1EAC4205DB0F4803B0BDE8F043FFF7E1
:103CB000D7BF56F82400FFF7D3FFA7420CDD8DF8DD
:103CC0000780FFF7A7FF0A2301220DF107014846ED
:103CD00006F0B3F8FFF7B0FF0134E2E700A40008F4
:103CE000AC360020E6A900080FB410B5A2B024AB92
:103CF00053F8042B802102A80193FDF715FB041E45
:103D00000CDDFFF787FF7F2CA8BF7F246423A2B2BE
:103D100002A9054806F091F8FFF78EFF22B0BDE832
:103D2000104004B0704700BFAC360020DFB5114C26
:103D30001148FFF7D9FFB4F90E30B4F90C20B4F9EB
:103D40000A100E48FFF7D0FF2069FCF725FF064652
:103D5000A0690F46FCF720FFCDE902016069FCF77E
:103D60001BFF3246CDE900013B460548FFF7BCFF8B
:103D700004B0D0BD8404002003A4000815A40008EA
:103D80002FA4000813B501A800F092FD04460321FA
:103D90000F48FFF7A9FF0F48FFF7A6FF002C11DB24
:103DA0002146019A0C48FFF79FFF019B022B0DDC77
:103DB0000A490B4A002BC8BF11460A48FFF794FF77
:103DC00002B010BD0848FFF74BFFEEE70749F4E7E4
:103DD0005DA400088FA40008A2A400084FA4000856
:103DE00058A40008C3A40008BDA4000852A40008F9
:103DF000002337B50F4C0221A37064230E4DA3801E
:103E000028462180FFF7BBFD61782846FFF75AFD61
:103E1000A1782846FFF776FDA378084800936378D9
:103E20002278A188FFF760FF054803B0BDE8304065
:103E3000FFF716BF7C000020CC040020D2A40008AD
:103E400013A50008F0B50C4617461E46054685B07A
:103E500028B91148FFF748FF601E05B0F0BD0022E9
:103E600003A90392FDF7B4FF039BAB4201D01B787B
:103E70002BB1324629460948FFF736FFECE7A0424E
:103E800001DBB842E9DD00903B462246314604485A
:103E9000FFF72AFFE0E700BF38A5000854A5000897
:103EA0007BA5000838B5194B01281C680CDC20469E
:103EB00002F05EFD164A1749032818BF114616483E
:103EC000BDE83840FFF710BF4D6814492846FEF79B
:103ED00047FA38B9204603F091F81148BDE8384058
:103EE000FFF7BEBE28460F49FEF73AFA20B9204632
:103EF00002F08AFD0C48F1E7204602F039FD0B4A3A
:103F00000B49032818BF11460A48D9E7E0040020EE
:103F1000B1A50008A4A50008CBA50008C7AD0008FE
:103F2000EAA5000819A600081CA60008C4A50008F8
:103F3000BDA5000838A6000810B51A4C1A48FFF7AE
:103F4000D3FE21681948FFF7CFFE61681848FFF7D4
:103F5000CBFEA1681748FFF7C7FEE1681648FFF7D8
:103F6000C3FE237C012B18D0022B18D01349144A0E
:103F7000032B18BF11461348FFF7B6FE216839B16D
:103F80006422636810485343B3FBF1F1FFF7ACFEC2
:103F9000BDE810400D48FFF763BE0D49EBE70D4942
:103FA000E9E700BF000200207EA60008A1A60008E5
:103FB000B9A60008CFA60008E5A6000877A6000865
:103FC00070A60008FDA6000814A700082AA700088C
:103FD00062A6000869A600082DE9F04134488AB0BD
:103FE000FFF782FE334B344A34493548FFF77CFEF5
:103FF0003448FFF779FE344B03251B68DFF8CC808B
:104000000193334B334F0293334B01AC1B68039343
:10401000324B1B680493324B0593324B1B6806935B
:10402000314B1B680793314B08934FF0FF330993D3
:10403000206803F04BF9A3680646002B36DB684680
:1040400000F036FC009A022A2EDC294B2949002A6E
:10405000C8BF0B46616832463846FFF745FE013D52
:1040600004F10C04E4D12448FFF73EFE234D244B19
:10407000244A25491248FFF737FE1248FFF734FE5D
:10408000286858B102F053FA0446286802F062FA30
:10409000224603461D491E48FFF726FE1D480AB06A
:1040A000BDE8F041FFF7DCBD1B4BD3E74346D1E74A
:1040B0004BA700086DA7000871A700087BA70008A0
:1040C00082A7000896A70008EC04002047A7000874
:1040D000BAA70008CFA7000878000020E804002055
:1040E000C2A7000874000020E0040020C7A7000851
:1040F0004FA4000858A40008E3A70008FC0400200F
:1041000074A70008F7A70008FEA7000805A8000884
:104110000DA800082AA7000852A40008F0B53A4BE1
:1041200085B0186803F0D2F8384B0546186803F0DC
:10413000CDF8374B0646186803F0C8F8074603A8C1
:1041400000F0B6FB3348FFF7CFFD4FF47A73324CE3
:104150003248E168B1FBF3F1FFF7C6FD2168304852
:10416000FFF7C2FD61682F48FFF7BEFDA1682E482A
:10417000FFF7BAFD617C2D48FFF7B6FD217C2C4B83
:104180002C4C2D4800290CBF19462146FFF7ACFDE9
:10419000039B022B36DC2949002BD8BF2146284837
:1041A000FFF7A2FD3B46324629462648FFF79CFD15
:1041B000254926488B7800934B780A788988FFF741
:1041C00093FD2348FFF79CFC214B22495A68224B60
:1041D000002818BF19462148FFF786FD204BD3E978
:1041E00000211B7C013BDBB2022B96BF1D481E4BFE
:1041F00050F823301D48FFF777FD1D48FFF730FDCD
:1042000005B0F0BD1B49CAE7EC040020E80400201B
:10421000E00400203EA80008B80400205BA80008C5
:1042200074A800088AA800089FA80008B6A800087B
:1042300021A800084FA40008CEA8000858A4000830
:10424000E3A80008FBA800087C0000201EA90008C5
:10425000840400202DA8000826A8000857A90008FB
:104260000002002010B1000870A6000876A900081E
:1042700032A7000852A4000838B50748FFF7F0FC41
:10428000064C074D216801B938BD62682846FFF722
:104290002BFD0C34F6E700BF95A900081CB10008FF
:1042A000A7A9000808B50548FFF772FB20B9044824
:1042B000BDE80840FFF7D4BC0248F9E7CC04002071
:1042C000B4A90008CEA9000808B50A4B0A481A7814
:1042D00002775A7842779A789B888277A0F81F30C5
:1042E000FFF756FC20B90548BDE80840FFF7B8BC09
:1042F0000348F9E77C00002084040020E9A90008B5
:1043000015AA000837B5184D2846FFF723FC2846A4
:10431000FFF7F6FB28B9154803B0BDE83040FFF7BA
:104320009FBC134C6B7F297F6370AB7F2170A370A0
:1043300095F82020EB7F0F4843EA0223A380FFF784
:104340001EFB61780B48FFF7BDFAA1780948FFF71B
:10435000D9FAA3780848009363782278A188FFF7F8
:10436000C3FC03B030BD00BF8404002035AA0008A0
:104370007C000020CC04002063AA0008012810B5AE
:104380000C4606DC0A4B0B489988BDE81040FFF745
:10439000ABBC0A214FF4FA72074B6068FFF752FD7D
:1043A000011E03DB024B05489980EEE710BD00BFFC
:1043B0007C0000209EAA0008B7AA0008BCAA00083A
:1043C000012810B50C4606DC0C4B0D489978BDE869
:1043D0001040FFF789BC606803220021094BFFF7FA
:1043E00031FD041E08DB054BE1B207489970FFF769
:1043F00089FA21460548EAE710BD00BF7C0000208D
:1044000004AB00083FAB0008CC04002047AB000819
:10441000012810B50C4606DC0C4B0D485978BDE858
:104420001040FFF761BC606803220021094BFFF7D1
:1044300009FD041E08DB054BE1B207485970FFF780
:1044400041FA21460548EAE710BD00BF7C00002084
:104450008BAB0008BEAB0008CC040020C7AB000843
:10446000012810B50C4606DC0C4B0D481978BDE848
:104470001040FFF739BC606806220021094BFFF7A6
:10448000E1FC041E08DB054BE1B207481970FFF799
:1044900076FA21460548EAE710BD00BF7C000020FF
:1044A0000CAC000832AC0008CC04002037AC00088B
:1044B00002680B4B30B49A420FD10A4A0A4913786A
:1044C0000D780A4CDBB2E5541378013303F03F0357
:1044D000137030BC012205F0C8BE30BC704700BF6D
:1044E00000380140670200206502002068020020B9
:1044F00008B50848FFF7B4FB0748FFF7B1FB0122F6
:104500000649074805F0B1FEBDE808400548FFF739
:10451000A7BB00BF75AC0008A2AC00086502002074
:10452000AC360020C3AC00082DE9F04FDFF838822C
:104530008E4F9FB002F008FB00F1320402F004FB42
:10454000844204D88A4B186800F060F9F2E701F061
:10455000F9FB98F800203B789A425AD03B78854A7C
:10456000DBB2D45C3B78E4B2013303F03F033B7031
:1045700001F008FC7E4B186800F048F90D2C4ED174
:10458000DFF8F4917D48FFF76BFB99F80040002CB1
:104590005FD04F2C28BF4F240025224678490AA817
:1045A000FDF724FC04F178030DEB030404F8505CE0
:1045B00074490AA802ACFDF78FFC2646DFF8C4A1B7
:1045C000002844D0082D3AD1DDF808B0DFF8B8A1B2
:1045D000DAF80040002C43D1012D4FD00398FDF7AD
:1045E00043FB022D064603D00498FDF73DFB04462D
:1045F000ADF80440029C65492046ADF80260FDF725
:10460000AFFE00283CD10123614A8DF800301370C1
:1046100051E001F0B7FB012002F062FC8EE70A2CAA
:10462000AED0082C02D07F2C40F08380524A137801
:10463000002B3FF47FAF013B564813700DE044F868
:10464000040B514600200135FDF746FCB8E7002D6C
:10465000BAD10023504889F80030FFF701FB69E721
:1046600021465846FDF77CFE28B931462846DAF83F
:1046700008309847EDE70AF10C0AA9E72646B7E7A4
:1046800020464649FDF76CFE30B90B2307228DF812
:1046900000303F4B1A700EE020464149FDF760FEA6
:1046A000B8B902233A4A8DF8003013701EB94FF49E
:1046B000C873ADF8023000233A481A4669460068CC
:1046C00001F01FFD0128C4D002993748FFF70CFB09
:1046D000BFE720463549FDF743FE08B90323E1E76C
:1046E00020463349FDF73CFE48B90423284A8DF89B
:1046F00000301370002EDED14FF49673D9E72046B8
:104700002C49FDF72DFE08B90523EFE720462A497D
:10471000FDF726FE08B9062376E720462749FDF770
:104720001FFE0028D0D1072308228DF80030184B37
:10473000B0E7A4F120035E2B3FF6FCAE0E4A1378DF
:104740004E2B3FF6F7AE591C11700D4A8DF82840DC
:10475000D454FFF75FFA0A2301220AA9184805F08A
:104760006CFBFFF769FAE5E66702002066020020AD
:10477000700000206802002014020020E6A9000852
:1047800015020020C6AC00081CB10008CAAC000825
:10479000F404002023AD0008C3AC0008C9AC000835
:1047A000CFAC0008C4030020ECAC0008D3AC000878
:1047B000D8AC0008DDAC0008E3AC0008E7AC0008AA
:1047C000AC360020A42200210148FDF775B800BFD7
:1047D000AC02002070B50C4ED6F8A040072C10DCBF
:1047E000631CC6F8A03014236343F518F050C5E9E4
:1047F000011202F0A9F94FF48073E8602B82204681
:1048000070BD4FF0FF34FAE7AC02002038B5041E4B
:104810000ADB064DD5F8A030A34205DD02F094F97D
:10482000142303FB0455E86038BD00BFAC02002030
:104830002DE9F04393B002F087F9194C05460026A4
:10484000A04641F28839174FD8F8A030B34202DCB5
:1048500013B0BDE8F083637CF3B1E368A268EB1AA0
:104860009A4219D8237C0133DBB2022B237413D96B
:104870003A68AA1A4A450FD903223D60CDE90032B1
:1048800040212368084A02A8FDF7D4FE642382B2BF
:1048900002A9064805F0D1FA01361434D4E700BF66
:1048A000AC020020A802002055AF0008AC36002062
:1048B0004FF0FF3170B5024600240846084BD3F88C
:1048C000A060A64202DC02B1116070BD5D7C25B122
:1048D0001D7C8D42C4BF2946204601341433F0E7C5
:1048E000AC020020324BF0B59A698FB042F004025E
:1048F0009A619A69002502F004020092009A9A696E
:10490000022442F008029A619A694FF4704702F05B
:1049100008020192019ADA69264E42F00202DA6137
:10492000DB69304603F002030293029B012303A9D3
:10493000CDE904350694039704F0DAFA2A4639469D
:10494000304604F0A9FB03230693C02303A91A48A9
:10495000CDE90445039304F0CBFA4723174C1849DB
:104960002046C4E9001340F2E733C4E9033580234D
:10497000A560A36104F0B6FF2946182208A8FCF739
:104980009BFF60232A4607A92046079305F002F8FB
:10499000042207A9204604F0FDFF2946204605F021
:1049A00051F90421204605F04DF90FB0F0BD00BFCC
:1049B00000100240000C014000080140500300209C
:1049C000000400400B4640F2E7318A4228BF0A4605
:1049D000012870B587BF4FF480414FF400464FF473
:1049E00000564FF48051012B054614460CD0022B83
:1049F0001AD000220F4804F04FFB002231460D4828
:104A000004F04AFB002408E01A460A4804F044FB7C
:104A100000223146074804F03FFB074B012D1B687D
:104A200094BF5C639C6370BD0022024804F034FBB9
:104A30000122EEE7000C014050030020002208B5DF
:104A40004FF47041044804F027FB0022034B1B681D
:104A50005A639A6308BD00BF000C01405003002058
:104A6000F8B5002843D003791BB1BDE8F840FFF743
:104A7000E5BFB0F90210B0F900301D485A1A0B44D6
:104A800083421C4640F2E731B8BF04468C42A8BFBF
:104A90000C469042B8BF104688420546A8BF0D4656
:104AA000002AADB2BBBF6D4202270127ADB2002B79
:104AB000B4BF02260126A4B2B8BF64422A463946D2
:104AC0004FF00000B8BFA4B2FFF77CFF2A4639467A
:104AD0000120FFF777FF224631460220FFF772FFE1
:104AE00022463146BDE8F8400320FFF76BBFF8BD12
:104AF00019FCFFFF08B52C2200210448FCF7DCFE5E
:104B0000BDE80840024800F0B9B900BFC803002062
:104B1000A80300202DE9F04F0026002597B0CDE92D
:104B20000866CDE90A660C9602F00EF8A946A8467A
:104B30000F90322002F0D4F90D960A210FA802F04E
:104B400081F902F001F80746DFF8E0A2DAF8000088
:104B5000381AFCF72FF9CAF80070DFF8D4A2B5496B
:104B6000DAF81C3004460133CAF81C30FCF736FB77
:104B700020B1DAF820300133CAF82030AE4F0022DD
:104B8000386810A901F081FB012800F0B3809AF881
:104B90002830002BD1D1A94F0022386812A901F08A
:104BA00074FB012800F019810D9B002BC5D0A4498E
:104BB0002046FCF70BFAA3490746FCF70FFB002839
:104BC00000F01E813B46A04C0393089B221F0692D7
:104BD00001939E4A099B0794083C0C990492009308
:104BE0009B48DDE90A320594029600F053F9904B98
:104BF000A16893F829201960002A9ED05868FCF714
:104C000027F80446DFF84CA2DFF84CB251462046A4
:104C1000FCF7E4FA002840F0F580DFF840A2DFF866
:104C200038B251462046FCF7BBFA002840F0F0802D
:104C30007F4B8B4920469C60FCF714F981498246E2
:104C40003846FCF7CBFA002800F0E88049462046B9
:104C5000FBF7FEFF8349FCF705F93946FCF7B6F987
:104C6000814681492046FCF7FDF83946FCF7FAF801
:104C700001462846FBF7EEFF7C490546FCF7AEFAF5
:104C8000002840F0CD8028467949FCF789FA0028B1
:104C900040F0C880664F4FF08041C7F810A0C7F8B9
:104CA0001490BD6124F00040FCF77AFA002840F02F
:104CB000BB8051464846FBF7CDFF2946FBF7CAFFAC
:104CC000FCF7ACFA6B4B00B29842B8BF1846B0F58F
:104CD000FA7FA8BF4FF4FA704342BB810023F881EA
:104CE0001293ADF84A0012A8ADF84C30A146FFF778
:104CF000B7FE22E7DAF824300133CAF824309DF8F1
:104D00004030013B0A2B3FF63AAF01A252F823F0A4
:104D10003D4D00088F4D0008A34D0008B54D00081B
:104D2000C94D00085D4D0008794D00087F4B000813
:104D30007F4B00087F4B0008514D000800238AF884
:104D400029301293ADF84C3012A8FFF789FE16E710
:104D50000123AAF82830FFF771FE10E700238AF834
:104D60002930ADF84C30BDF84230ADF84830BDF8D0
:104D70004430ADF84A30E7E70123BDF942008AF834
:104D80002930FCF71BF84546CAF80400F7E6002373
:104D90008AF82930CDF84A30BDF84230ADF84830B5
:104DA000D2E700238AF82930CDF84A30BDF84230E6
:104DB0005B42F3E700238AF829301293ADF84C30B8
:104DC000BDF842305B42D4E700238AF829301293C1
:104DD000ADF84C30BDF84230CBE7BDF94830BDF9F5
:104DE00052600C93BDF94A300D900B93BDF94C30D5
:104DF0000A93BDF94E300993BDF950300893CBE6C4
:104E00001D4BE0E620465946FBF722FF0446FDE62F
:104E100020465946FBF71EFF044602E7C14620E73D
:104E2000124D37E7124D35E7404649E79803002019
:104E3000C80300200000C841C4030020F80400207B
:104E400000007A446F12833AA40300205C00002023
:104E5000A8030020000034430000B443000034C322
:104E60006666E63F9A99193E0AD7A33C000096432E
:104E7000000096C30CFEFFFF0AD7233C48B14FF059
:104E80007E530360002343608360C360036143611A
:104E9000836170472DE9F04F16461D46044685B0E4
:104EA000002800F06F820846FBF788FF4FF0625140
:104EB000FBF7D8FF07463046FBF780FF4FF0625103
:104EC000FBF7D0FF06462846FBF778FF4FF062510C
:104ED000FBF7C8FF394605463846FBF7C3FF3146A6
:104EE00080463046FBF7BEFF01464046FBF7B2FE68
:104EF000294680462846FBF7B5FF01464046FBF7AA
:104F0000A9FEFBF749F9AA498046FCF749F90028B0
:104F100040F0AD8141464FF07E50FCF757F8814696
:104F200001463846FBF79EFF494680463046FBF770
:104F300099FF494606462846FBF794FF6368824678
:104F40000193E36801980093A36800990293FBF72B
:104F500089FF2568074602992846FBF783FF01462B
:104F60003846FBF775FE294607460198FBF77AFF9E
:104F7000029981460098FBF775FF01464846FBF70A
:104F800069FE294681462846FBF76CFF4FF07C51AD
:104F9000FBF75EFE009983460846FBF763FF014678
:104FA0005846FBF757FE014603903046FBF75AFF81
:104FB000494683465046FBF755FF01465846FBF7E6
:104FC00047FE394683465046FBF74CFF039B82461B
:104FD00019464046FBF746FF01465046FBF738FEB0
:104FE000494682464046FBF73DFF394680463046FB
:104FF000FBF738FF01464046FBF72AFE6D4906469F
:105000005846FBF72FFF1199FBF72CFF2169FBF79F
:1050100021FE6849814620615046FBF723FF119924
:10502000FBF720FF6169FBF715FE6249804660616E
:105030003046FBF717FF1199FBF714FFA169FBF747
:1050400009FE0746A061BDF93800FBF7B7FE5A49D3
:10505000FBF7BCFF5949FBF705FF01464846FBF744
:10506000F9FD8146BDF93C00FBF7A8FE5249FBF76C
:10507000ADFF5249FBF7F6FE01464046FBF7EAFD5D
:105080008046BDF94000FBF799FE4B49FBF79EFFB8
:105090004A49FBF7E7FE01463846FBF7DBFD4FF0D8
:1050A000824107465846FBF7DDFE4946FBF7D2FD35
:1050B0004FF0824181465046FBF7D4FE4146FBF754
:1050C000C9FD4FF0824180463046FBF7CBFE3946A2
:1050D000FBF7C0FD4FF07C5107461198FBF7C2FE6D
:1050E00049460646FBF7BEFE414681463046FBF781
:1050F000B9FE394682463046FBF7B4FE019B834633
:10510000494603F10040FBF7ADFE514606460298C2
:10511000FBF7A8FE01463046FBF79AFD59460646C6
:105120000098FBF79FFE01463046FBF791FD2946AC
:10513000FBF790FD4946804620602846FBF792FE2B
:10514000594606460298FBF78DFE01463046FBF7AE
:1051500081FD514606460098FBF784FE0146304625
:10516000FBF776FD0199FBF775FD51460746606038
:105170002846FBF777FE594606460198FBF772FE74
:1051800001463046FBF764FD494606460098FBF7AA
:1051900069FE01463046FBF75DFD0299FBF75AFDBB
:1051A00059460646A0602846FBF75CFE08E000BFB3
:1051B000BD3786350AD7A33B0000034339FA8E3C3E
:1051C000514605460198FBF74DFE01462846FBF780
:1051D00041FD494605460298FBF744FE0146284634
:1051E000FBF736FD0099FBF735FD41460546E060CB
:1051F0004046FBF737FE394681463846FBF732FE1C
:1052000001464846FBF726FD314681463046FBF70E
:1052100029FE01464846FBF71DFD294681462846E2
:10522000FBF720FE01464846FBF714FDFAF7B4FFF2
:1052300056498146FBF7D2FFC8B149464FF07E5030
:10524000FBF7C4FE814601464046FBF70BFE49468C
:1052500020603846FBF706FE494660603046FBF7A3
:1052600001FE4946A0602846FBF7FCFDE060129B6A
:1052700043B12368129A136063685360A368936014
:10528000E368D360139B002B7CD0149B002B79D058
:10529000159B002B76D06668A76831463046FBF731
:1052A000E1FD394605463846FBF7DCFD0146284658
:1052B000FBF7D0FC0146FBF7CDFC01464FF07E50DA
:1052C000FBF7C6FC216805463046FBF7CBFDE168DD
:1052D00006463846FBF7C6FD01463046FBF7BAFCEA
:1052E0000146FBF7B7FC2946FAF774FF2849FBF79C
:1052F000B9FD139B1860A1682068FBF7B3FD6168D6
:105300000546E068FBF7AEFD01462846FBF7A0FC2A
:105310000146FBF79FFCFAF75FFF1D49FBF7A2FD73
:10532000149B1860A768E66839463846FBF79AFD73
:10533000314605463046FBF795FD01462846FBF70A
:1053400089FC0146FBF786FC01464FF07E50FBF7D7
:105350007FFC216805463046FBF784FD6168064600
:105360003846FBF77FFD01463046FBF773FC0146EC
:10537000FBF770FC2946FAF72DFF0549FBF772FD94
:10538000159B186005B0BDE8F08F00BFBD378635AE
:10539000E12E65422DE9F04387B001F0D5FB019085
:1053A000322001F09DFDFF260025334CDFF8CC8034
:1053B0004FF47A71A38801A8B1FBF3F1012938BF3A
:1053C000012101F03FFDA188A94203D02C48FEF73E
:1053D000B9FAA5882178B14203D02948FEF7CFFA5F
:1053E0002678284B284F1868FFF710FA4AF6AA22A9
:1053F000264B1A6001F0A8FB05902548D7F80490C9
:1054000001684FF4804C8AB202EB820202EB820305
:105410009B00ADF808300023013101601D485200A7
:10542000ADF8102000681A4602A9ADF80A30ADF8B0
:105430001230CDF80CC000F064FE0128164B0AD0E3
:105440005A6801325A60002314481A4602A90068BB
:1054500000F057FEACE71A6801321A607868A0EBDA
:105460000900FBF7A7FC4146FBF7B0FDFBF7FCFE8C
:105470000B4B1860E7E700BF7C0000200000904263
:10548000CC04002078000020001000E00030004034
:10549000F8030020FC040020B8040020F8040020D9
:1054A000800400202DE9F04F3F4CDFF80081DFF849
:1054B0000091D5B041F2883001F012FD01F044FBBB
:1054C000D8F80030E060003B18BF0123237402F0DD
:1054D000EDFA6FF0630358434FF4405300F5961014
:1054E000B0FBF3F06074FFF7A3F9D9F8000001F006
:1054F000EDFE304B0646186801F0E8FE2E4B0746DD
:10550000186801F0E3FE2D4B8346186801F0DEFEBB
:105510004FF47A72E368CDE90B67B3FBF2F3CDE9A0
:105520000DB02749139391F8280023680A90486A20
:1055300010930990086A636894F810C0214A119387
:105540000890A368204D0868BCF1000F08BF1546FD
:105550001293FBF721FB129B94F811A00293119B6D
:10556000CDE906010193109B4FF48071CDE903A5AD
:10557000164A009314A8139BFDF75CF8144E0546D9
:105580006421306800F01FFF012893D1AAB214A94A
:105590006423104804F051FC002330681A46194671
:1055A00000F0AFFD86E700BFB8040020CC04002067
:1055B000EC040020E8040020E4040020E0040020C3
:1055C000C803002021A800084FA400087EAF0008EF
:1055D000F0040020AC3600200021F0B5714B724D74
:1055E00004462A681868714E85B003689F0672D514
:1055F0004368DBB20D2B01D00A2B66D1002AF4DD03
:1056000000266A496A488E540132FCF7EFFB2E608F
:10561000674D2B4613F8012B202A61D0092A5FD051
:105620006F4600223E46DFF88CC1284610F8011B69
:1056300000295CD0A1F10903DBB2172B03D82CFAA7
:1056400003F3DB0753D40F2A4CD100238DF80F301E
:105650002A4612F8013B202B52D0092B50D00D2B9B
:1056600005D842F2014222FA03F3D9074CD4284666
:10567000FCF7FAFA0746294611F8013B43B1093B0A
:10568000DBB2172B3ED84B4A22FA03F3DA0739D59F
:10569000284615F8013B202BFAD0092BF8D00D2B0A
:1056A00005D842F2014222FA03F3DB072FD4FCF7BC
:1056B000DBFAA080404930466780FCF751FE40BBD2
:1056C00001233E4A237013702DE03E2ADEBFB354FF
:1056D0000121013289E701B12A60002005B0F0BD47
:1056E0001D4696E70546013207F8011B9DE700219C
:1056F00002F110036B4403F8101C002AEDD0A7E759
:105700001546A5E70D46B6E700200746D1E700207D
:10571000CFE730462A49FCF723FE30B90B23072296
:105720002370264B1A700120D8E730462549FCF734
:1057300017FE48B90223214A23701370002FF2D1BB
:105740004FF4C8736380EEE730461F49FCF708FE4C
:1057500008B90323EFE730461C49FCF701FE40B9C6
:105760000423164A23701370002FDCD14FF4967374
:10577000E8E730461649FCF7F3FD08B90523F0E7E2
:1057800030461449FCF7ECFD08B9062399E730468A
:105790001149FCF7E5FD00289FD10723082223705B
:1057A000064BBFE7AC3600203C040020400400203C
:1057B000FC03002013008000CAAC0008F4040020A1
:1057C000C9AC0008CFAC0008D3AC0008D8AC0008C6
:1057D000DDAC0008E3AC0008E7AC00082DE9F047B9
:1057E00096B0FEF72BF90022594B5A4F5A4E1A60C9
:1057F0005A4B0522186802A900F047FD01280BD07A
:105800006846FFF7E9FE0028F2D0002369461A46F1
:10581000386800F076FCEBE7514B1868FEF7F6FFAE
:105820006846FFF7D9FE0546002840F085804D4BBD
:105830004D4A5B684DF6BA53ADF8183013784B4CAF
:10584000591C1170ADF8350031468DF8370060688D
:105850008DF81A30FBF706FBFBF7E0FC31460FFA38
:1058600080F82068FBF7FEFAFBF7D8FCBDF808309B
:10587000B4F90CA0ADF82330BDF80A30B4F90E909D
:10588000ADF82530BDF80C30ADF81D80ADF82730EF
:10589000BDF80E30ADF81B00ADF82930BDF8103062
:1058A000ADF81FA0ADF82B30BDF81230ADF8219047
:1058B000ADF82D3094F82830DFF8B4808DF82F3013
:1058C00094F829308DF830302A4B1B788DF8313020
:1058D000294B1868FBF76EFA3146FBF7C3FAFBF762
:1058E000C3FC236A1E21FF2B28BFFF23ADF8320023
:1058F00006A88DF83430FEF7ADF80A21ADF8360071
:10590000D8F8000000F05FFD012804461BD1642395
:10591000202206A9194804F090FA2B462A46294667
:10592000D8F8000000F0EDFB154B1A681C7401322A
:105930001A600C4B5B685BE7002369461A463868BF
:1059400000F0DFFB6CE70F4A936801339360F0E7E8
:105950003C040020C403002000002041FC0400207F
:1059600074000020001000E0F4030020C8030020B1
:10597000F0040020F404002080040020AC36002055
:1059800000020020B804002008B54FF0500383F354
:105990001188BFF36F8FBFF34F8F6423034A04490D
:1059A000537404482E2204F048FAFEE7B80400209D
:1059B000FAAF0008AC36002000B50B4691B04FF0AE
:1059C000500282F31188BFF36F8FBFF34F8F4021D6
:1059D000054A6846FCF72EFE642382B269460348F6
:1059E00004F02BFAFEE700BF29B00008AC36002017
:1059F0004AF6AA22014B1A60704700BF00300040EF
:105A00000D4B07B5DA690F2142F00402DA61DB6958
:105A1000002203F0040301931E20019B03F07EFC8F
:105A2000064B074A9A624FF6FF72DA6201221A6049
:105A300003B05DF804FB00BF001002400008004006
:105A40003F190100014B586A704700BF0008004031
:105A5000F7B54E4A4E4CD2F8FC30204643F08073E6
:105A6000C2F8FC30A2F55D4213684A4D43F00103D1
:105A70001360FEF76FF8484B227F1A70627F5A70EE
:105A8000A27F464C9A7064229A80FEF72BFFFFF7A4
:105A900031F8FEF797FE00221021202000F007FBCE
:105AA000002210212860082000F001FB0022206065
:105AB0000621082000F0FBFA394B18602B6813B15F
:105AC000236803B108B902F037F9012000F0CBFBDD
:105AD000344B186008B902F02FF90424324D334FCB
:105AE000009400234FF4C07231490195314800F011
:105AF00055FECDE9004700234FF480722E492F4810
:105B000000F04CFE032300242D4E00934FF4C0728E
:105B100000232C4901962C4800F040FE2B4B4FF4FB
:105B2000C07201932A49234600942A4800F036FEA9
:105B300001234FF48072009327492346019427489C
:105B400000F02CFE3968C8221B48FEF743FE244BA8
:105B500031681860C8221B48FEF73CFE214B2968BB
:105B60001860C8221248FEF735FE1F4B4FF4FA6248
:105B7000214618601848FEF72DFE1C4B1860FEF7F2
:105B8000B7FC03B0BDE8F040FFF73ABF00ED00E01E
:105B900084040020FC0400207C000020F804002085
:105BA000C4030020F0040020E4040020EC040020E2
:105BB00050B00008154B0008BAA70008955300081C
:105BC000E8040020C2A70008DD570008E004002018
:105BD000C7A70008A554000858B0000829450008C8
:105BE00078000020740000206C000020700000206D
:105BF00000F0DEB800F094B84FF47A72064B1B68E0
:105C0000B3FBF2F34FF0E022013B536100239361B9
:105C100007231361704700BF880000204FF0FF3258
:105C200000F10803C0E9022343600361002303601D
:105C3000704700230361704743689A684B608A602D
:105C4000516099600368086101330360704730B5A3
:105C50000C68631C0AD103695A684A6091608B60C2
:105C60005960036808610133036030BD00F1080228
:105C7000134652681568A542FAD9EDE70369D0E9E1
:105C800001128A6051605968814208BF5A6000223F
:105C90000261186801381860704700000648006803
:105CA000006880F3088862B661B6BFF34F8FBFF318
:105CB0006F8F00DF00BF000008ED00E0002382B01E
:105CC00001930D4B1B68013308D04FF0500383F351
:105CD0001188BFF36F8FBFF34F8FFEE74FF0500374
:105CE00083F31188BFF36F8FBFF34F8F019B002B9E
:105CF000FCD002B0704700BF840000204FF08073DA
:105D000040F8043C054B21F0010140F8081C40F824
:105D10000C3C40F8202C4038704700BFBD5C0008A8
:105D2000074B19680868B0E8F00F80F30988BFF3E3
:105D30006F8F4FF0000080F311884EF00D0E70470A
:105D4000500600204FF0500383F31188BFF36F8F8C
:105D5000BFF34F8F0A4A13680133012B13600ED132
:105D60004FF0E023D3F8043DDBB243B14FF05003D2
:105D700083F31188BFF36F8FBFF34F8FFEE7704738
:105D800084000020084A136843B94FF0500383F39E
:105D90001188BFF36F8FBFF34F8FFEE7013B136096
:105DA0000BB983F3118870478400002000000000C5
:105DB000EFF30980BFF36F8F0D4B1A6820E9F00FE6
:105DC00010602DE908404FF0500080F3118801F079
:105DD000ADF84FF0000080F31188BDE80840196865
:105DE0000868B0E8F00F80F30988BFF36F8F704741
:105DF0005006002008B54FF0500383F31188BFF31D
:105E00006F8FBFF34F8F00F0A5FE28B14FF0E02356
:105E10004FF08052C3F8042D002383F3118808BD8E
:105E2000002313B50193334B1A78D2B28DF80220B8
:105E3000FF221A701B78304ADBB28DF803309DF8D0
:105E4000033003F05003137043B94FF0500383F352
:105E50001188BFF36F8FBFF34F8FFEE79DF80330BC
:105E6000DB4313F0500F10D04FF0500383F3118831
:105E7000BFF36F8FBFF34F8FFEE7013301939DF8A0
:105E800003305B00DBB28DF803309DF8033013F074
:105E9000800F019BF1D1082B0CBF0023019B174AF7
:105EA00018BFC3F107031B0203F4E06313609DF8FE
:105EB0000230104ADBB213704FF0E0230024D3F815
:105EC000202D42F47F02C3F8202DD3F8202D42F07C
:105ED0007F42C3F8202DC3F81C4DFFF78DFE084B01
:105EE0001C60FFF7DBFE01F021F82046FFF7E6FE1D
:105EF00002B010BD00E400E0040500200005002011
:105F00008400002010B50446FFF71CFFA46BFFF7C8
:105F100039FFB4FA84F0400910BD70B51646026C22
:105F20000446856B42B906689EB9806801F03CFA68
:105F3000A6600135A56370BD6EB94068FBF756FFDA
:105F40006368226C1344A2686360934224BF236891
:105F500063600020EDE7C068FBF748FF226CE36850
:105F600051429B1A2268E36093423EBFA3685B18CC
:105F7000E360022EEDD10DB1013DEAE72846D8E7F6
:105F800003461A6C084610B462B1DC689968144480
:105F90008C4228BF1968DC6028BFD960D96810BC62
:105FA000FBF724BF10BC704770B50446FFF7CAFE6C
:105FB00094F8455004F124066DB2002D01DD636AAA
:105FC000B3B9FF2384F84530FFF7DCFEFFF7BAFED4
:105FD00094F8445004F110066DB2002D01DD2369E0
:105FE0007BB9FF2384F84430BDE87040FFF7CABE98
:105FF000304601F0B7F808B101F062F9013D6DB229
:10600000DBE7304601F0AEF808B101F059F9013D87
:106010006DB2E2E770B50E46044640B94FF050034A
:1060200083F31188BFF36F8FBFF34F8FFEE7C56B0C
:10603000A5B3036CA3FB053585BBFFF783FED4E94D
:106040000F314B432268A563D0185B1A62601A4473
:10605000FF23A06084F84430E26084F84530A6B99C
:10606000236973B104F1100001F07CF848B14FF0DE
:10607000E0234FF08052C3F8042DBFF34F8FBFF3DE
:106080006F8FFFF77FFE012070BD04F11000FFF756
:10609000C5FD04F12400FFF7C1FDF2E74FF0500306
:1060A00083F31188BFF36F8FBFF34F8FFEE7F8B50F
:1060B0000D4617460646D8B1A1FB0023C3B9484395
:1060C00010F1510F14D8503001F0A6FB044658B11E
:1060D00065B100F1500301212046C4E90F6523603A
:1060E000FFF798FF84F84C702046F8BD0346F2E7AE
:1060F0004FF0500383F31188BFF36F8FBFF34F8FBF
:10610000FEE72DE9FF410F461E460446019240B9C5
:106110004FF0500383F31188BFF36F8FBFF34F8F9E
:10612000FEE751B9036C43B14FF0500383F311887C
:10613000BFF36F8FBFF34F8FFEE7022E0BD1E36BE0
:10614000012B08D04FF0500383F31188BFF36F8FFA
:10615000BFF34F8FFEE701F0C7F8054620B30025D7
:106160004FF00008FFF7EEFDA26BE36B9A4227D2D7
:10617000324639462046FFF7D0FE636A1BB104F170
:10618000240000F0EFFF48B14FF0E0234FF08052C1
:10619000C3F8042DBFF34F8FBFF36F8FFFF7F2FDEE
:1061A000012004B0BDE8F081019B002BD8D04FF056
:1061B000500383F31188BFF36F8FBFF34F8FFEE758
:1061C000022ED5D0019B1BB9FFF7DCFD0020E8E7CC
:1061D00015B902A801F02CF8FFF7D4FD00F0ACFCD3
:1061E000FFF7B0FD94F84430FF2B08BF84F84480DB
:1061F00094F84530FF2B08BF84F84580FFF7C2FDB7
:1062000001A902A801F020F838BBFFF79BFDA26BA3
:10621000E36B9A420ED1FFF7B5FD019904F110002E
:1062200000F058FF2046FFF7BFFE00F05BFD48B1CD
:10623000012597E7FFF7A6FD2046FFF7B5FE00F022
:1062400051FDF5E74FF0E0234FF08052C3F8042DE5
:10625000BFF34F8FBFF36F8FEAE72046FFF7A4FE2F
:1062600000F040FDB2E7024610B500210120FFF723
:106270001EFF044638B100231A46194683600360A6
:10628000C360FFF73EFF204610BD2DE9FF410E46DB
:106290000446019240B94FF0500383F31188BFF3D5
:1062A0006F8FBFF34F8FFEE751B9036C43B14FF0CF
:1062B000500383F31188BFF36F8FBFF34F8FFEE757
:1062C00001F012F8054618B300254FF00008FFF75B
:1062D00039FDA76B47B331462046FFF751FE2369CE
:1062E000013FA76373B104F1100000F03BFF48B118
:1062F0004FF0E0234FF08052C3F8042DBFF34F8FCF
:10630000BFF36F8FFFF73EFD012004B0BDE8F081C1
:10631000019B002BD9D04FF0500383F31188BFF3BA
:106320006F8FBFF34F8FFEE7019B1BB9FFF72AFD6D
:106330000020EAE715B902A800F07AFFFFF722FD76
:1063400000F0FAFBFFF7FEFC94F84430FF2B08BF87
:1063500084F8448094F84530FF2B08BF84F84580CA
:10636000FFF710FD01A902A800F06EFF00BB204658
:10637000FFF7C8FDB0B1019904F1240000F0AAFEB6
:106380002046FFF711FE00F0ADFC48B94FF0E023C6
:106390004FF08052C3F8042DBFF34F8FBFF36F8FC0
:1063A000012594E72046FFF7FFFD00F09BFCF7E78F
:1063B0002046FFF7F9FD00F095FC2046FFF7A2FD0F
:1063C0000028EDD0B4E7F0B585B00446019140B99E
:1063D0004FF0500383F31188BFF36F8FBFF34F8FDC
:1063E000FEE7056C45B14FF0500383F31188BFF30E
:1063F0006F8FBFF34F8FFEE700F076FF064620B3A6
:106400002E460027FFF79EFCA36B53B3013BA3630B
:10641000236813B901F074F8A060236973B104F123
:10642000100000F09FFE48B14FF0E0234FF0805283
:10643000C3F8042DBFF34F8FBFF36F8FFFF7A2FC9C
:10644000012005B0F0BD3546DBE7019B002BFAD0FB
:106450004FF0500383F31188BFF36F8FBFF34F8F5B
:10646000FEE7019B1BB9FFF78DFC0020E9E716B999
:1064700002A800F0DDFEFFF785FC00F05DFBFFF7F2
:1064800061FC94F84430FF2B08BF84F8447094F802
:106490004530FF2B08BF84F84570FFF773FC01A956
:1064A00002A800F0D1FE50BB2046FFF72BFD00B341
:1064B00023683BB9FFF746FCA06800F025FF0546BE
:1064C000FFF760FC019904F1240000F003FE204670
:1064D000FFF76AFD00F006FC48B94FF0E0234FF0EB
:1064E0008052C3F8042DBFF34F8FBFF36F8F012687
:1064F00088E72046FFF758FD00F0F4FBF7E7204659
:10650000FFF752FD00F0EEFB2046FFF7FBFC0028F2
:10651000EDD0002DA9D0FFF715FC616A19B1236BEE
:106520001968C1F10501A06800F090FF9BE710B564
:10653000044640B94FF0500383F31188BFF36F8FC7
:10654000BFF34F8FFEE7FFF7FDFBA46BFFF71AFCCD
:10655000204610BD10B5044640B94FF0500383F3F8
:106560001188BFF36F8FBFF34F8FFEE7FFF7EAFB92
:10657000A36BE46BE41AFFF705FC204610BD000096
:1065800070B540B94FF0500383F31188BFF36F8F9C
:10659000BFF34F8FFEE7B9B100230C4A1C461546E6
:1065A0005668864204D105EBC403C3E900100BE032
:1065B0001BB91668002E08BF13460134082C02F1DF
:1065C0000802EDD1002BF0D170BD00BF08050020FE
:1065D00070B504460D461646FFF7B4FB94F84430F8
:1065E000FF2B04BF002384F8443094F84530FF2B80
:1065F00004BF002384F84530FFF7C4FBA36B2BB91D
:106600003246294604F1240000F07EFD2046BDE814
:106610007040FFF7C9BC00002DE9F843224B234C22
:106620001D68234B0646D3F80080224B0F46D3F853
:10663000009020680430FFF721FB40B922681E4912
:10664000D06A01220B68824023EA02030B60731CAC
:1066500014D19FB1194B21685A688A6090682168EB
:10666000C86021680431416021680431916022686A
:1066700053611A6801321A60BDE8F8832368216803
:10668000AD195D6001F1040104D34846BDE8F8434B
:10669000FFF7DDBA4046FFF7DAFA094B1A68AA425B
:1066A00088BF1D60E8E700BF740500205006002089
:1066B000C0050020BC050020700500207C050020DE
:1066C0005805002040B94FF0500383F31188BFF301
:1066D0006F8FBFF34F8FFEE74269084B9A420AD192
:1066E000836A074A934206D02BB990F85C000138C0
:1066F00018BF012070470020704700BF7C050020B4
:10670000A8050020064A13681968064B19B94FF00E
:10671000FF321A6070471268D2681268F9E700BF4A
:10672000C005002058050020F8B50E4C0E4F0F4E46
:10673000236803B9F8BDFFF705FBFB68DD68281D7A
:10674000FFF79CFA3368013B33602368013B236009
:10675000FFF718FB286B01F02BF9284601F028F908
:10676000E6E700BF90050020940500207805002092
:106770004FF0E0254FF0805608B5074CFFF7D4FFE7
:106780002368012B05D9C5F8046DBFF34F8FBFF304
:106790006F8FFFF72DF9F1E7EC0500202DE9F84F99
:1067A00095008046DDE90A7A28460E46994601F0B2
:1067B00033F8834618B94FF0FF30BDE8F88F6020FA
:1067C00001F02AF80446002800F09D806022002194
:1067D000FBF772F85846C4F830B02A46A521FBF7FB
:1067E0006BF8D4F830B06EB1731E04F133020F367B
:1067F00013F8011F02F8011F09B1B342F8D10023B9
:1068000084F84330042F08D94FF0500383F31188E4
:10681000BFF36F8FBFF34F8FFEE7261D3046E76251
:10682000E764FFF706FA043D04F11800FFF701FAE8
:10683000C7F105070BEB05004A4641462461A761F5
:10684000646220F00700FFF759FA2060BAF1000FE8
:1068500001D0CAF80040FFF775FA384B384F1A6874
:10686000DFF8E08001321A603D68002D4FD13C60B6
:106870001B68012B1FD1C14648460135FFF7CEF9F1
:10688000052D09F11409F7D1DFF8BC902F4D4846CA
:10689000FFF7C4F92846FFF7C1F92D48FFF7BEF905
:1068A0002C48FFF7BBF92C48FFF7B8F92B4BC3F87E
:1068B00000902B4B1D602B4A2B491368086801334D
:1068C000136001226364E36A9A4002430A6014225F
:1068D000534308EB03014A689068A260E060466099
:1068E000966058F803206161013248F80320FFF7F1
:1068F00049FA1E4B1B6823B13B68DA6AE36A9A4285
:1069000010D3012059E7584601F052F853E7174BCE
:106910001A68E36A002ACED13A68D26A9A4298BFCE
:106920003C60C8E74FF0E0234FF08052C3F8042DDD
:10693000BFF34F8FBFF36F8FE3E700BF78050020F1
:1069400050060020EC050020D8050020C4050020DA
:10695000A8050020940500207C050020C00500202B
:10696000BC0500205C050020700500206C0500209F
:106970002DE9F041044640B94FF0500383F31188EC
:10698000BFF36F8FBFF34F8FFEE7194B1B68834236
:1069900026D0FFF7D7F9174BD4F828801F68164B7D
:1069A00065691E68FFF7EEF9144B98451AD0BD4291
:1069B0001AD0B54218D0124B9D4209D1A36A9BB997
:1069C00094F85C30012B0CBF02200320BDE8F0815D
:1069D0000C4B9D420AD0002D0CBF04200120F5E78E
:1069E0000020F3E70120F1E70220EFE70420EDE7C4
:1069F00050060020C0050020BC050020A80500208E
:106A00007C05002094050020F8B5044640B94FF0FD
:106A1000500383F31188BFF36F8FBFF34F8FFEE7EF
:106A20001C4D2B68834233D0FFF78CF92046FFF7CB
:106A300049FE48B3261D3046FFF720F901231649C9
:106A4000E26A0868934003430B60142353431349DD
:106A5000CF187868D0F808C0A060C4F80CC0CCF893
:106A600004608660C85867610130C8502B68DB6AD3
:106A70009A4209D94FF0E0234FF08052C3F8042D19
:106A8000BFF34F8FBFF36F8FBDE8F840FFF77AB9C0
:106A9000F8BD00BF5006002070050020EC05002066
:106AA00010B586B002AB19461C4A12F8014B03F828
:106AB000014B002CF9D11A4B8022CDE90043194833
:106AC0002346FFF76BFEC8B101281BD100F07EFE04
:106AD000012817D14FF0500383F31188BFF36F8F54
:106AE000BFF34F8F4FF0FF320F4B1A600F4B186000
:106AF0000F4B1C60FEF784FFFFF792F90D4B1B68EC
:106B000006B010BD0130F9D14FF0500383F3118866
:106B1000BFF36F8FBFF34F8FFEE700BF5CB000087D
:106B20005405002071670008580500206C050020FE
:106B300074050020E8B10008024A136801331360AD
:106B4000704700BF50050020014B1868704700BF18
:106B5000740500202DE9F84F574B1B68002B40F0BF
:106B6000A480564B1C6801341C60BCB9544B1A6895
:106B7000126842B14FF0500383F31188BFF36F8F57
:106B8000BFF34F8FFEE74F4A196810681860116015
:106B90004D4A136801331360FFF7B4FD4B4D0020DD
:106BA0002B684B4A9C42DFF82CC10FD21421DCF831
:106BB0000030DB6A4B43D358022B474B28BF0120E0
:106BC0001B68002B18BF0120BDE8F88F3C4F434ED7
:106BD0003B681B681BB94FF0FF332B60E6E73B684F
:106BE000DB68DB6859688C4201D22960DEE7D3F8A4
:106BF0001480D3E90219C1F80890C9F80410D8F834
:106C0000041003F1040E71454FF0000108BFC8F8ED
:106C100004905961D8F800100139C8F80010D3F871
:106C20002880B8F1000F15D0D3E90719C1F80890F2
:106C3000C9F80410D8F8041003F1180A51454FF0B0
:106C4000000108BFC8F804909962D8F80010013913
:106C5000C8F800104FF00108D96AD6F8009008FA79
:106C600001F848EA0908C6F800804FF0140808FB4C
:106C700001F802EB080ADAF80490D9F808B0C3F872
:106C80000890C3F80CB0CBF804E0C9F808E0C3F8EA
:106C900014A052F80830013342F80830DCF8003014
:106CA000DB6A994288BF012092E70D4A00201368F1
:106CB0000133136088E700BF5005002074050020F1
:106CC000C0050020BC0500206005002058050020FC
:106CD000EC0500205006002064050020700500200F
:106CE000680500202DE9F84FFFF72CF84D4B1A6886
:106CF00042B94FF0500383F31188BFF36F8FBFF396
:106D00004F8FFEE71A68013A1A601B682BB1002406
:106D1000FFF738F82046BDE8F88F434A1268002A8A
:106D2000F5D0012514264148414C424A424FDFF834
:106D30000CC153E0C368DB68D3F828E0D3E9071837
:106D4000C1F80880C8F80410DEF8041003F118092F
:106D500049454FF0000108BFCEF804809962DEF883
:106D600000100139CEF80010D3F814E0D3E902186E
:106D7000C1F80880C8F80410DEF8041003F1040913
:106D80004945DEF8001008BFCEF804800139CEF87E
:106D90000010D3F82CE0D4F8008005FA0EF141EA97
:106DA000080106FB0EF802EB080A2160DAF804106D
:106DB000D1F808B09960C3F80CB0CBF80490C1F8D2
:106DC000089052F80810C3F814A0013142F80810D6
:106DD0003968C96A8E4501D9CCF80050016800298C
:106DE000A8D10BB1FFF78EFC154D2C6844B10127DB
:106DF000124EFFF7AFFE00B13760013CF9D12C60B5
:106E00000E4B1B68002B82D00B4B4FF080521B683F
:106E10004FF0E023C3F8042DBFF34F8FBFF36F8F04
:106E2000012475E75005002078050020A805002002
:106E300070050020EC0500205006002064050020AD
:106E40006805002010B540B94FF0500383F3118856
:106E5000BFF36F8FBFF34F8FFEE741B94FF0500381
:106E600083F31188BFF36F8FBFF34F8FFEE7FFF7F8
:106E700063FE194B1A68194B1B68012B08D04FF0A1
:106E8000500383F31188BFF36F8FBFF34F8FFEE77B
:106E9000046863182CBF01210021944213D909B161
:106EA0009A4212D300240360FFF71CFF48B94FF049
:106EB000E0234FF08052C3F8042DBFF34F8FBFF390
:106EC0006F8F204610BD0029EAD003600021981A78
:106ED000FFF7A2FB0124E7E774050020500500201E
:106EE00008B550B94FF0E0234FF08052C3F8042D9D
:106EF000BFF34F8FBFF36F8F08BDFFF71DFE0A4B27
:106F00001B68012B08D04FF0500383F31188BFF3A7
:106F10006F8FBFF34F8FFEE70021FFF77DFBFFF779
:106F2000E1FE0028DED0E7E7500500202C4B70B5CD
:106F30001A682C4B12B101221A6070BD1A60FEF75C
:106F400081FD294A2949106013680D68284CAB421D
:106F500005D916682068436D5B1B3344436513688D
:106F60000B6023681B6B1A68B2F1A53F0BD15A68FE
:106F7000B2F1A53F07D19A68B2F1A53F03D1DB6812
:106F8000B3F1A53F04D0216820683431FEF714FD29
:106F9000184B1A68B2FA82F21423D2B2C2F11F025D
:106FA00053431549CD58C81845B94FF0500383F3E2
:106FB0001188BFF36F8FBFF34F8FFEE7456808332B
:106FC0006D680B449D4208BFC368456008BF4360BD
:106FD000142303FB02114B68DB6823602368ACE7D2
:106FE0005005002064050020480500204C050020C5
:106FF0005006002070050020EC05002070B5044606
:107000002D4DFEF79FFE04B92C68261D3046FEF775
:1070100035FE60B91423E06A284A4343D35833B994
:107020000122274982400B6823EA02030B60A36A0E
:107030001BB104F11800FEF721FE31462148FEF78E
:10704000FBFD94F85C30204E012B04BF002384F834
:107050005C30FEF797FE33682BB1FEF773FEFFF747
:1070600051FBFEF78FFE2B68A34217D13368B3B1F3
:10707000164B1B6843B14FF0500383F31188BFF3E5
:107080006F8FBFF34F8FFEE74FF0E0234FF080523A
:10709000C3F8042DBFF34F8FBFF36F8F70BD0C4A41
:1070A0001168084A1268914201D12B60F6E7BDE8E9
:1070B0007040FFF73BBF00BF50060020EC050020EA
:1070C000700500207C0500206C0500205005002084
:1070D0007805002010B50C4640B94FF0500383F3FB
:1070E0001188BFF36F8FBFF34F8FFEE7054B196811
:1070F0001831FEF7ACFD2046BDE810400121FFF736
:107100008BBA00BF5006002070B40C46114640B93F
:107110004FF0500383F31188BFF36F8FBFF34F8F8E
:10712000FEE70F4B42681D689668EA611D680029FA
:107130002E621D6805F1180575601D681B6805F154
:10714000180595609862036803F10103036008BFA6
:10715000204670BC18BF4FF0FF30FFF75DBA00BF8C
:1071600050060020C368F0B5DB6843B94FF0500308
:1071700083F31188BFF36F8FBFF34F8FFEE79A6AD7
:10718000D3E9070181604860506803F11804A04208
:1071900008BF5160002199621168013911601E4ACF
:1071A000D96A1268002A2AD1D3E902405A69A0603C
:1071B000446054681D1DAC4208BF5060106801381F
:1071C0001060012215488A4004682243026014229C
:1071D0004A43134886187468A7689C60DF607D6026
:1071E000A5605E618358013383500E4B1B68DB6AD8
:1071F000994285BF01200C4B00201860F0BD0B4A5E
:1072000050688568D8611D626C6084609A621368FA
:1072100001331360E9E700BF50050020700500202E
:10722000EC0500205006002064050020A805002081
:10723000034B1B680360034B1B684360704700BF30
:10724000600500207405002070B50D46044640B965
:107250004FF0500383F31188BFF36F8FBFF34F8F4D
:10726000FEE741B94FF0500383F31188BFF36F8FEE
:10727000BFF34F8FFEE7FEF765FD0F4B19682B68D4
:107280005A1C17D00D48266800686268864208D0EC
:107290008A4206D8002301242B60FEF773FD2046A6
:1072A00070BD881A8342F5D95B1A134420462B60BF
:1072B000FFF7BEFF0024F0E7740500206005002002
:1072C0000122014B1A6070476405002008B9054B84
:1072D0001868026B0020135CA52B01D08008704752
:1072E0000130F8E750060020054B1B6833B1054B11
:1072F0001868B0FA80F040094000704701207047DC
:107300006C05002050050020F8B50446002837D051
:10731000224DC36A2A68D26A934236D28269204ECD
:10732000002AA1BF2A68D26AC2F105028261142232
:1073300002FB036342699A4223D1071D3846FEF7D8
:107340009DFC184930B90122E06A0B68824023EAAB
:1073500002030B6001222B680868DB6A9A40024333
:107360000A601422E3625343F1184A689068A260ED
:10737000E06047609760F25861610132F25001208D
:10738000F8BD2B68DB6AC362F9E72B68C06CDB6A67
:1073900098422CBF00200120F2E700BF50060020D9
:1073A000EC05002070050020F8B5044608B900205F
:1073B000F8BD234B1B68834208D04FF0500383F382
:1073C0001188BFF36F8FBFF34F8FFEE71B6D43B97B
:1073D0004FF0500383F31188BFF36F8FBFF34F8FCC
:1073E000FEE7C16AC26C013B91420365DFD0002B0E
:1073F000DDD1051D2846FEF741FC124A30B90121B6
:10740000E06A1368814023EA010313600120E36C02
:107410001668C3F10501A16100FA03F1314311605F
:107420001421E3624B43084AD61871688F68A16043
:10743000E7607D608D60D15866610144D150B7E747
:107440005006002070050020EC05002070B50446B1
:1074500000284ED0026D42B94FF0500383F31188DB
:10746000BFF36F8FBFF34F8FFEE7C36C994238BFF6
:107470001946C36A8B423CD0012A3AD11D4A126890
:10748000824208D14FF0500383F31188BFF36F8F0E
:10749000BFF34F8FFEE78269174D002A4FF01402A9
:1074A00002FB03534269C162A4BFC1F105018161BE
:1074B0009A421ED1061D3046FEF7E0FBE36A0F49F3
:1074C00028B901200A68984022EA00020A600122D5
:1074D00008689A4002430A6014225343E9184A6834
:1074E0009068A260E06046609660EA58616101328F
:1074F000EA5070BD50060020EC0500207005002009
:10750000034B186810B1036D01330365704700BF6A
:1075100050060020914208B5416000610AD8D21A95
:1075200083699A420DD2084B011D1868FEF78FFB44
:10753000002008BD9A4201D2994202D2034B011D9C
:10754000F3E70120F5E700BF600600206406002095
:1075500070B504460D461646A1692B4632462046B4
:107560002944FFF7D7FF00B970BDA36920461D4429
:10757000236A9847F0E700000E4B70B51B6805467C
:10758000DB680E46DC68201DFEF778FB94F8283097
:107590005A0709D5324629462046FFF7D9FF20462B
:1075A000236ABDE87040184723F0010384F82830AF
:1075B000F5E700BF64060020F8B50546FFF7C4FAFA
:1075C0000D4E04463368834209D90C4F3B681A6854
:1075D00052B90B4A116813603960012300E000239F
:1075E00020462B603460F8BDDB684FF0FF3118682F
:1075F000FFF7C2FFEAE700BF540600206406002040
:10760000600600202DE9F0430026DFF85C81574F2B
:1076100085B0D8F80030D3F80090B9F1000F37D01A
:107620000024DB68D3F80090FFF786FA01A8FFF783
:10763000C3FF019B0546002B47D15CBB48452FD3B8
:10764000FFF750FB29464846FFF796FFCDE9016654
:1076500003960022386801A9FEF717FE0028D8D04B
:10766000019B002BF5DB039C636913B1201DFEF722
:1076700005FB6846FFF7A0FF019B0546013B082B71
:10768000E7D8DFE803F02525484F682525484F0057
:107690000124C9E7364B1B681C68B4FA84F46409FA
:1076A00022463868A9EB0501FEF792FFFFF71AFBA7
:1076B0000028CBD14FF0E0234FF08052C3F8042DC7
:1076C000BFF34F8FBFF36F8FC0E7FFF70BFBBDE733
:1076D00094F82830A16943F0010384F82830029B14
:1076E000024619442046FFF715FF0028B1D094F850
:1076F000283059070AD5A36902992A462046194419
:10770000FFF726FF2046236A9847A2E723F00103EC
:1077100084F82830F6E794F8283023F0010384F841
:10772000283096E794F8283043F0010384F8283095
:107730000299A16141B94FF0500383F31188BFF35F
:107740006F8FBFF34F8FFEE703460246014420468A
:10775000FFF7E0FE7DE794F828309A07DDD4204655
:1077600000F026F975E700BF640600205C060020E3
:1077700060060020F8B50F4CFEF7E4FA2568ADB9B5
:107780000D4F0E4E3846FEF749FA3046FEF746FAE0
:107790000B4B2A461F600B4B0C2105201E60FEF789
:1077A00086FC206010B10849FEF7EAFEBDE8F8400B
:1077B000FEF7E8BA5C0600207C0600206806002080
:1077C000640600206006002061B0000807B5FFF7DE
:1077D000D1FF0D4B1B6843B94FF0500383F3118861
:1077E000BFF36F8FBFF34F8FFEE7084B80220193EB
:1077F00002230749009307480023FEF7CFFF002824
:10780000EAD003B05DF804FB5C06002058060020B7
:1078100066B0000805760008F8B5431E0A3337D86D
:1078200010F0070300F1080405D0A3F10902A242F9
:107830002ED31030C41A574EFFF77EF93368F3B9D0
:10784000554A564853071FBFD11D21F0070102F5C5
:107850004052531A0CBF4FF440530A4600211344C0
:10786000083B23F0070341600260C3E90011991A45
:10787000C2E9003133604A4B19604A4B1960002C51
:1078800008DCFFF72FFA0025FEF77EF82846F8BD42
:107890000024D0E7DFF80CC1DCF80010A142F0D3DF
:1078A0003E4ADFF8F4E01368734502D33E4FBB4213
:1078B00017D94FF0500383F31188BFF36F8FBFF3D5
:1078C0004F8FFEE7754502D3BD421A4608D94FF0E7
:1078D000500383F31188BFF36F8FBFF34F8FFEE721
:1078E0002B465868A04202D21D68002DEAD13568A7
:1078F0009D42C6D015680835754501D3BD4208D9EB
:107900004FF0500383F31188BFF36F8FBFF34F8F96
:10791000FEE71F68A04217600FD3001B102819D97B
:107920001E1916F0070F11D04FF0500383F3118882
:10793000BFF36F8FBFF34F8FFEE74FF0500383F31A
:107940001188BFF36F8FBFF34F8FFEE770605C60ED
:107950001F51166058680A1A1149CCF800200C68AB
:1079600040F00040A24238BF0A6000221A600F4A6D
:107970005860136801331360FFF7B4F96B0785D0C3
:107980004FF0500383F31188BFF36F8FBFF34F8F16
:10799000FEE700BFA0060020AC060020A4060020E1
:1079A000980600209C060020AB360020940600209C
:1079B000F8B5054600286BD0364FA0F10804BC424C
:1079C00012D3354EB4420FD850F8043C002B14DAD1
:1079D00050F8082CD2B14FF0500383F31188BFF355
:1079E0006F8FBFF34F8FFEE74FF0500383F3118883
:1079F000BFF36F8FBFF34F8FFEE74FF0500383F35A
:107A00001188BFF36F8FBFF34F8FFEE723F0004362
:107A100040F8043CFFF790F8204A55F8041C13681E
:107A20000B4413601E4B18461A461B689C42FBD839
:107A300082420CD0BA4201D3B24208D94FF050036F
:107A400083F31188BFF36F8FBFF34F8FFEE750684A
:107A50001518AC4202BF144609185160606821181D
:107A60008B4213D10F4909688B4203D059680144F6
:107A700061601968A242216018BF14600A4A136845
:107A800001331360BDE8F840FFF72CB91946F1E760
:107A9000F8BD00BFAC060020AB3600209C060020DD
:107AA000A4060020A006002090060020014B1868C4
:107AB000704700BF9C06002030B591B01422002111
:107AC00008A8F9F7F9FE1422002101A8F9F7F4FE3D
:107AD00001244FF480330225CDE90643CDE90D534F
:107AE0004FF4E01306A80F9300F084FF70B1002359
:107AF0004FF4601206A8069507930A940E930F920E
:107B0000089300F077FF08B172B6FEE70F23022159
:107B10004FF48062CDE90131002301A8CDE90332A1
:107B2000059301F029F908B172B6FEE711B030BD36
:107B3000F0B5724C9BB000F027FFFFF7BDFFA369C3
:107B40006F4D43F02003A361A3696E4803F0200347
:107B50000193019BA3694FF4804243F00403A361A6
:107B6000A36903F004030293029BA36943F0080393
:107B7000A361A36903F008030393039B624BC5E968
:107B8000000300232846C5E90233C5E90423C5E9FB
:107B900006332B6200F058FC074608B172B6FEE7C8
:107BA0000146102206A8F9F787FE41F61F434FF061
:107BB0008041564ECDE90477C6E9001340F28F1399
:107BC0003046C6E90337B760B76101F05FFE08B120
:107BD00072B6FEE74FF48053304606A9069301F0D3
:107BE0003BFF08B172B6FEE7CDE9040004A93046B8
:107BF00002F02AF808B172B6FEE74FF4E123444ED2
:107C0000444AC6E90200C6E900230C233061C6E9F4
:107C10000530F061304602F0E1F808B172B6FEE7D7
:107C200023683D4A3D49126803F4003306A8F9F77A
:107C300059FB642382B206A9304602F0FEF8384BA5
:107C400006AA03F12007164618685968083303C6C8
:107C5000BB423246F7D118689B883060B38025223A
:107C600064232B4806A902F0E8F800232D4805609C
:107C700043718371FBF78CFE60B32B4B06AA03F1B3
:107C80003806154618685968083303C5B3422A46B2
:107C9000F7D118683B226423286006A91C4802F02B
:107CA000CCF80122214BC3F88024636A9B07FCD5E2
:107CB00045F255521E4B1A6006225A6043F698222E
:107CC0009A604CF6CC421A60FDF7C2FEFEF7E8FE61
:107CD00072B6FEE7174B06AA03F118061546186898
:107CE0005968083303C5B3422A46F7D118221B78D6
:107CF0000DEB02012B706423D0E700BF001002409F
:107D00003C37002000540040A0860100F4360020DB
:107D1000AC36002000380140880000206EB000081A
:107D200092B00008CC040020B8B000080000424225
:107D300000300040F4B0000872B6FEE7FEE7FEE750
:107D4000FEE7FEE7FEE7704708B500F02FFEFFF7FD
:107D5000CBFA012803D0BDE80840FEF74BB808BDB8
:107D6000014801F0CDBC00BFF4360020014802F00C
:107D700019B900BFAC360020014B986B01F028BA4E
:107D8000AC360020704700000E4B82B09A6942F07A
:107D900001029A619A6902F001020092009ADA697E
:107DA00042F08052DA61DB69074A03F080530193A5
:107DB000019B536823F0E06343F00073536002B00B
:107DC000704700BF001002400000014010B504469B
:107DD00086B01022002102A8F9F76EFD2268114B2F
:107DE0009A421CD1104CC022A369104843F00803EA
:107DF000A361A36902A903F008030093009B122367
:107E0000CDE902230323059301F072F8E36943F4FB
:107E10000013E361E36903F400130193019B06B0CF
:107E200010BD00BF0054004000100240000C014093
:107E3000036807B5B3F1804F15D103F50433DA6950
:107E40001C2042F00102DA610022DB69114603F0D6
:107E500001030193019B01F061FA1C2003B05DF85E
:107E600004EB01F08BBA03B05DF804FBF0B510270A
:107E7000064689B03A4600210DEB0700F9F71CFDD4
:107E800032682C4B9A4252D12B4C4FF40072A369AA
:107E90002A4843F48043A361A3690DEB070103F46F
:107EA00080430193019BA369002543F00403A36170
:107EB000A36903F004030293029B0223CDE9042388
:107EC0000323079301F014F84FF480631B480DEB74
:107ED0000701CDE90435069501F00AF82A4629463E
:107EE000252001F01BFA252001F048FA636943F0D0
:107EF000010363616369124C03F001030393039B65
:107F0000104B2046C4E900378023C4E90555C4E975
:107F10000335A560E56101F0C5F80E202A4605216C
:107F2000B463666201F0FAF90E2001F027FA09B095
:107F3000F0BD00BF003801400010024000080140C1
:107F400090370020440002400B4A0346116810B5E8
:107F500009B90A491160106809490A4C0344091B10
:107F60008B4206D9F9F7F8FC0C2303604FF0FF3081
:107F700010BD1360FCE700BFD4370020003800209C
:107F800000500020000400000120704708B5F9F7F8
:107F9000E3FC162303604FF0FF3008BD08B5F9F786
:107FA000DBFC16230360FEE770B50D4614460E4653
:107FB000731B9C4201DC204670BDAFF3008006F8C5
:107FC000010BF5E770B50D4614460E46731B9C4237
:107FD00001DC204670BD16F8010BAFF30080F5E719
:107FE0004FF0FF3070474FF4005300204B60704754
:107FF000012070470020704700F023F80B480C491F
:108000000C4A002302E0D458C4500433C4188C42F4
:10801000F9D3094A094C002301E013600432A2425B
:10802000FBD3F9F721FCFFF783FD70470000002028
:1080300094000020ECB200089400002000380020DA
:10804000FEE77047016800224B6913F4806310D08B
:108050006FF480634B612023026380F83D3080F829
:108060003E20036C80F83C2043F0040303640120AD
:108070007047184670472DE9F84606460F46914668
:108080001D464FEA114A3368BAF1010F0CBF5C6913
:108090009C6927EA0404A4B2B4FA84F46409A145F3
:1080A00001D0002025E06A1CEED000F08BFC089B7C
:1080B000C01AA84201D8002DE5D13368BAF1010FEA
:1080C0000CBF5B699B6927EA03039BB2B3FA83F396
:1080D0005B099945D7D1002320220120336386F81C
:1080E0003D2086F83E30326C86F83C3042F020026B
:1080F0003264BDE8F8862DE9F04104460F46164685
:1081000098462568686927EA000080B2C0B16B69AB
:108110005A0517D52B68202243F400732B606FF4A7
:1081200080636B610023236384F83D2084F83E3034
:10813000236C43F0040323640023012084F83C30C3
:10814000BDE8F081731CDDD000F03CFCA0EB080022
:10815000B04201D8002ED4D123685A6927EA02021E
:1081600092B2002ACDD000232022236384F83D2040
:1081700084F83E30236C1343DDE770B504460D46AA
:10818000164623685B691B0601D500201EE02046C9
:10819000FFF758FFC8B96A1CF3D000F013FC801B2E
:1081A000A84201D8002DECD123685B6913F080034D
:1081B000E7D12022236384F83D2084F83E30226CEE
:1081C00084F83C3042F020022264012070BD00009F
:1081D0002DE9F043154602689946136885B043F4CB
:1081E00080731360DDE90C780E463B4600224FF0A9
:1081F0000111CDF800800446FFF73DFF236838B138
:108200001B68DB0502D54FF400732364032620E0CE
:1082100006F0FE061E613A46434620461849FFF71F
:108220006AFFA8B9236803905A69394603929B698B
:10823000424603932046039BFFF79FFF064660B12B
:10824000236C042B01BF2268136843F4007313608E
:108250000126304605B0BDE8F083B9F1010F23686F
:1082600002D1EDB21D61F4E72A0A1A61394642468D
:108270002046FFF782FF0028E2D12368F1E700BF24
:10828000020001002DE9FF479A46DDE90C780368FA
:1082900015461A680E4642F480621A601A684FF05A
:1082A000011142F480721A603B460022CDF8008032
:1082B0000446FFF7E0FE236848B11B68DB0548BFB2
:1082C0004FF400734FF0030048BF236421E05FFACE
:1082D00086F906F0FE061E613A46434620462A49C4
:1082E000FFF709FFA0B9236803905A693946039242
:1082F0009B69424603932046039BFFF73EFF58B11C
:10830000236C042B01BF2268136843F400731360CD
:10831000012004B0BDE8F087BAF1010F23681AD13B
:10832000EDB24246394620461D61FFF726FF024660
:108330000028E5D1216820460B6843F480730B6068
:108340003B464FF00111CDF80080FFF794FE226804
:1083500060B11368B2E72A0A1A61394642462046DC
:10836000FFF70BFF0028CBD12368D9E749F00103C1
:108370001361204643463A460349FFF7BCFE0038E6
:1083800018BF0120C5E700BF0200010070B5044618
:108390000D46164623685B695B0701D500201EE089
:1083A0002046FFF74FFEC8B96A1CF3D000F00AFB65
:1083B000801BA84201D8002DECD123685B6913F023
:1083C0000403E7D12022236384F83D2084F83E3063
:1083D000226C84F83C3042F020022264012070BDFF
:1083E00070B504460D46164621684B6913F04003EC
:1083F00001D0002011E04A69D2060FD56FF01002BB
:108400004A612022236384F83D2084F83E30236CA7
:1084100023640023012084F83C3070BD00F0D2FAC0
:10842000801BA84201D8002DDED123685B6913F0C0
:108430004003D9D12022236384F83D2084F83E30C4
:10844000236C1343E4E7000070B5044608B901202B
:1084500070BD90F83D3003F0FF021BB980F83C205E
:10846000FFF7B4FC242384F83D3023681A6822F017
:1084700001021A601A6842F400421A601A6822F473
:1084800000421A6000F014FD3F4B65689D4294BFA6
:108490003E4B3F4B98428CBF00230123002BD6D18B
:1084A000394E3C4BB542B0FBF3F388BF4FF49676A0
:1084B0002268516821F03F0141EA030182BF734302
:1084C0004FF47A76B3FBF6F35160116A013321F071
:1084D0003F010B431362D169431E2B4821F44F41E6
:1084E000854221F0FF0132D86D00B3FBF5F340F671
:1084F000FC700133034242D0C3F30B031943D16133
:108500001168D4E9073021F0C00103430B43136025
:108510009168D4E9030321F40341034321F0FF01EF
:108520000B439360D168D4E9053021F0FF01034388
:108530000B43D3601368002043F001031360202332
:10854000206484F83D30206384F83E0080E7A06812
:1085500050B905EB4505B3FBF5F30133C3F30B034A
:108560007BB143F40043C9E719206843B3FBF0F340
:108570000133C3F30B0323B143F44043BEE70423A9
:10858000BCE70123BAE700BFA08601007F841E007C
:10859000FF083D0040420F002DE9F743044699468D
:1085A0000F4690460C9E00F00DFA94F83D300546BB
:1085B000202B03D0022003B0BDE8F08300901923E4
:1085C000012220463A49FFF756FD0028F2D194F8DF
:1085D0003C30012BEED00123206884F83C30036846
:1085E0004246D90758BF036839465CBF43F00103D0
:1085F0000360036823F400630360212384F83D30A3
:10860000402384F83E30002323640A9B20466362A3
:10861000BDF82C306385638D2385264BE3624B4682
:10862000CDE90065FFF7D4FD00282AD00120C2E77C
:10863000FFF7A3FD40B1236C042B01BF2268136830
:1086400043F400731360F1E7636A27681A4612F86F
:10865000011B39616262628D218D013A92B262859D
:108660007A69481E80B2520720850AD548B15A78E7
:1086700002333A616362638D0239013B9BB221850B
:108680006385238D2A4631462046002BD0D1FFF743
:108690007DFE0028CFD12268136843F40073136075
:1086A000202384F83C0084F83D3084F83E0082E7C3
:1086B000020010000000FFFF2DE9F043994600235F
:1086C000044689B003930D469046129F00F07AF954
:1086D00094F83D300646202B04D00225284609B0E8
:1086E000BDE8F08300901923012220469049FFF74E
:1086F000C2FC0028F1D194F83C30012BEDD00123CD
:10870000206884F83C3003682946DB0758BF0368BB
:1087100042465CBF43F001030360036823F4006337
:108720000360222384F83D30402384F83E30002348
:108730002364109B20466362BDF844306385638DDB
:1087400023857C4BE3624B46CDE90076FFF79AFD2B
:108750000546002840F0BA80228D2368C2B90490F3
:108760005A6904929A690492049A1A6842F400724F
:108770001A60DFF8C481DFF8C491238D002B37D154
:10878000202284F83C3084F83D2084F83E30A5E770
:10879000012A11D11A6822F480621A6072B6236825
:1087A00005905A6905929A690592059A1A6842F4E9
:1087B00000721A6062B6DCE7022A1A680ED142F42F
:1087C00000621A6072B6236806905A6906929A6926
:1087D0000692069A1A6822F48062EAE742F48062FE
:1087E0001A6007905A6907929B690793079BC0E735
:1087F000032B78D8012B15D1324639462046FFF796
:10880000EFFD002862D123681A69636A1A70636AEF
:1088100001336362238D013B2385638D013B9BB252
:108820006385AAE7022B4FF000023B4641462046F3
:10883000009618D1FFF71FFC002847D172B62368B5
:108840001A6842F400721A601A69636A1A70636ADD
:1088500001336362238D013B2385638D013B9BB212
:10886000638562B6CFE7FFF706FC00282ED12268A9
:10887000136823F48063136072B646F2A81123686C
:108880001A69636A1A70626A531C6362238D013B22
:108890002385638D013B9BB26385D9F80030B3FB20
:1088A000F1F323214B430393039B013B0393039B6E
:1088B00073B92022236384F83D2084F83E30226C73
:1088C00042F02002226462B684F83C30012505E7BC
:1088D000236859694907E7D5196841F4007119609F
:1088E0001B695370B3E7324639462046FFF778FDDF
:1088F0000028EBD123681A69636A1A70628D616A75
:10890000013A92B24B1C628522686362238D5069E2
:10891000013B9BB2400723857FF52FAF032B02BF9E
:10892000136823F48063136013694B706FE700BF13
:10893000020010000000FFFF04000100880000207A
:1089400038B50E4B05461A784FF47A73B3FBF2F341
:108950000B4A1068B0FBF3F000F01EFD044658B956
:108960000F2D09D8024629464FF0FF3000F0D6FC03
:108970002046044B1D6038BD0120FCE78C00002020
:108980008800002090000020074A08B513680320E3
:1089900043F01003136000F0AFFC0F20FFF7D0FF8F
:1089A000FFF7F2F9002008BD00200240034A044B03
:1089B00011681B780B441360704700BFD837002044
:1089C0008C000020014B1868704700BFD83700208A
:1089D00038B50446FFF7F6FF0546631C1EBF044B7F
:1089E0001B78E418FFF7EEFF431BA342FAD338BD10
:1089F0008C0000202DE9F341054638B30368DB07FE
:108A000010D42B689F075ED42B68190700F195805E
:108A10002B685A0700F1C180EB69002B40F02C81D4
:108A2000002029E0904C636803F00C03042B07D06E
:108A3000636803F00C03082B0AD16368DE0307D5D3
:108A400023689C03DDD56B68002BDAD1012013E08D
:108A50006B68B3F5803F12D1236843F48033236001
:108A6000FFF7B0FF064623689803CAD4FFF7AAFFB2
:108A7000801B6428F7D9032002B0BDE8F0819BB9C0
:108A8000236823F480332360236823F48023236046
:108A9000FFF798FF064623689903B2D5FFF792FFC8
:108AA000801B6428F7D9E6E7B3F5A02F236803D12C
:108AB00043F480232360CFE723F4803323602368CB
:108AC00023F48023CBE7684C636813F00C0F07D0C6
:108AD000636803F00C03082B10D16368DA030DD42C
:108AE00023689B0702D52B69012BAFD123686A69E4
:108AF00023F0F80343EAC203236085E72A695B4B4E
:108B00006AB101221A60FFF75DFF064623689F07DE
:108B1000ECD4FFF757FF801B0228F7D9ABE71A60A8
:108B2000FFF750FF0646236898077FF56DAFFFF704
:108B300049FF801B0228F6D99DE7AA694A4E4B4B94
:108B4000E2B10122C3F88024FFF73CFF0446736AB8
:108B50009B070DD54FF4FA52454B1B68B3FBF2F35C
:108B6000019300BF019B5A1E0192002BF9D14FE7E0
:108B7000FFF728FF001B0228E9D97CE7C3F880240F
:108B8000FFF720FF0446736A9F077FF541AFFFF7A9
:108B900019FF001B0228F6D96DE7334CE369D800B2
:108BA00024D40127E36943F08053E361E36903F0D0
:108BB00080530093009B2F4E3368D90518D5EB687E
:108BC000012B26D1236A43F001032362FFF7FAFE4B
:108BD00041F288380646236A9B073FD5002F3FF4B1
:108BE0001BAFE36923F08053E36115E70027E2E759
:108BF000336843F480733360FFF7E4FE80463368E4
:108C0000DA05DCD4FFF7DEFEA0EB08006428F6D915
:108C100031E7ABB9236A41F2883823F001032362BC
:108C2000236A23F004032362FFF7CCFE0646236A7F
:108C30009807D3D5FFF7C6FE801B4045F7D91AE742
:108C4000052B236A03D143F004032362BAE723F020
:108C500001032362236A23F00403B6E7FFF7B2FEA1
:108C6000801B4045B7D906E7001002400000424291
:108C700088000020007000402A4C626802F00C025C
:108C8000082A3ED00022022B274B1A662CD1FFF770
:108C900099FE06462368990120D42B6AB3F5803FDC
:108CA00005D16268A96822F400320A436260696AE9
:108CB00062680B4322F474121343012263601A4B5F
:108CC0001A66FFF77FFE054623689A013FF5A8AEB6
:108CD000FFF778FE401B0228F6D9CCE6FFF772FEBC
:108CE000801B0228D6D9C6E6FFF76CFE054623682E
:108CF0009B017FF595AEFFF765FE401B0228F6D974
:108D0000B9E6012B3FF4A2AE60682B6A00F4803212
:108D10009A427FF49BAE6B6A00F47010C01A18BFC1
:108D20000120A9E600100240000042420D4A5368AB
:108D300003F00C01082912D10B48C3F38341DB0374
:108D4000405C09D55368094AC3F340435043084A7D
:108D5000D35CB0FBF3F07047064B584370470348B1
:108D6000704700BF0010024006B2000800127A00EF
:108D700004B2000800093D002DE9F0410D4604460B
:108D800010B90120BDE8F081444A136803F00703DD
:108D90008B4228D321688E0730D4CA0743D43F4A78
:108DA000136803F00703AB4265D822683C4D12F00C
:108DB000040F6CD1130706D56B68226923F4605346
:108DC00043EAC2036B60FFF7B1FF6B68354AC3F338
:108DD0000313D35CD840344B1860344B1868FFF74A
:108DE000AFFD0020CEE7136823F007030B431360A9
:108DF000136803F007038B42C3D1CBE7284B11F074
:108E0000040F1EBF5A6842F4E0625A60080742BF6E
:108E10005A6842F460525A605A68A06822F0F00220
:108E200002435A60B9E762681D4E012A33681AD1BD
:108E300013F4003FA5D0736841F2883823F0030390
:108E400013437360FFF7BEFD07467368626803F063
:108E50000C03B3EB820FA2D0FFF7B4FDC01B40455B
:108E6000F3D903208EE7022A02D113F0007FE1E755
:108E700013F0020FDEE7136823F007032B431360A0
:108E8000136803F00703AB427FF47BAF8DE76B6899
:108E9000E16823F4E0630B436B608BE70020024042
:108EA00000100240F4B1000888000020900000206B
:108EB000044B054A5B68C3F30223D35C034A106882
:108EC000D840704700100240ECB100088800002034
:108ED000044B054A5B68C3F3C223D35C034A1068A2
:108EE000D840704700100240ECB100088800002014
:108EF0002DE9F74F00244FF00F0E2646DFF884C10E
:108F0000614B00F104080A6832FA06F502D103B099
:108F1000BDE8F08F012505FA06F702EA070537EAF2
:108F2000020276D14A68032A07D8013A022A00F2DF
:108F30008380DFE802F091969C00122A00F0948072
:108F400069D8112A00F08A80FF2D94BF8146C1465E
:108F50004FEA8602D9F8007088BF203A0EFA02FA6A
:108F600027EA0A0704FA02F21743C9F80070D1F899
:108F7000049019F0805F4CD0DCF8182026F003072D
:108F800042F00102CCF81820DCF8182007F18047E5
:108F900002F00102019207F5803706F0030A019AF8
:108FA0004FEA8A0ABA680EFA0AFB22EA0B0B374A22
:108FB000904260D002F5806290425ED002F58062FD
:108FC00090425CD002F58062904214BF04220322DA
:108FD00002FA0AF242EA0B02BA609A6819F4801F98
:108FE00014BF2A43AA439A60DA6819F4001F14BF19
:108FF0002A43AA43DA605A6819F4003F14BF2A438F
:10900000AA435A601A6819F4803F14BF2A43AA433E
:109010001A60013677E7DFF878904A450CD014D80B
:10902000A9F580194A4507D009F570294A4503D0AA
:10903000A9F580194A4587D18A68D2B1012A4FF033
:1090400008040CBF076147617EE7DFF848904A4596
:10905000F2D009F58039EDE7CC6875E7CC680434C7
:1090600072E7CC6808346FE7CC680C346CE70024F6
:109070006AE7042468E70022AAE70122A8E702229F
:10908000A6E700BF001002400004014000080140B4
:1090900000002210000031100AB10161704709047C
:1090A000FBE70000034610B530B301681420134AF3
:1090B0000A44B2FBF0F292001A64114ADA63022207
:1090C00083F82120D3E901242243DC680868224385
:1090D0001C696FF30D1022435C6922439C69224393
:1090E000DC69224302430A6000200122986383F86E
:1090F000200083F8212010BD0120FCE7F8FFFDBF10
:109100000000024090F821200346022A06D00422E3
:1091100082630120002283F8202070470268C06B20
:10912000116821F00E011160116821F00101116038
:1091300001211A6C01FA02F24260002083F821102A
:10914000E8E7000008B590F82130022B03D0042393
:109150008363012008BD03681A6822F00E021A60BA
:109160001A6822F001021A60174A93421FD0143283
:1091700093421ED0143293421DD0143293421DD01C
:10918000143293421DD01432934214BF4FF08073B7
:109190004FF480130D4A5360012380F821300023DF
:1091A00080F82030436B03B198470020D2E70123B9
:1091B000F0E71023EEE74FF48073EBE74FF48053B2
:1091C000E8E74FF48033E5E7080002400000024082
:1091D00070B40425C66B026C346803689540254260
:1091E000196832D04D0730D51A6896065EBF1A68E6
:1091F00022F004021A603E4A934219D0143293427C
:1092000018D01432934217D01432934217D014322C
:10921000934217D01432934214BF4FF080634FF43F
:109220008003344A5360C36A002B5ED070BC184779
:109230000423F6E74023F4E74FF48063F1E74FF4AB
:109240008043EEE74FF48023EBE70225954025426B
:1092500035D08D0733D51A68940606D41A6822F0E3
:109260000A021A60012280F82120214A934219D073
:109270001432934218D01432934217D014329342CE
:1092800017D01432934217D01432934214BF4FF0C8
:1092900000734FF40013174A5360002380F8203006
:1092A000836AC1E70223F6E72023F4E74FF4007353
:1092B000F1E74FF40053EEE74FF40033EBE70825F6
:1092C0009540254211D009070FD5196821F00E01EC
:1092D0001960012303FA02F27260836380F821307F
:1092E000002380F82030036B9EE770BC704700BFFE
:1092F000080002400000024007490302CA6803F464
:10930000E06322F4E0621204120C134343F0BF63E3
:1093100043F40033CB60704700ED00E0154B30B5EF
:10932000DC68C4F30224C4F10703251D042B28BF05
:109330000423062D4FF0FF3594BF0024033C05FAAB
:1093400003F321EA0303A54022EA0502A340002813
:1093500043EA0203ACBF00F16040074A4FEA03133F
:10936000DBB2ABBF00F5614000F00F0080F80033C6
:10937000135430BD00ED00E014ED00E0002807DBE1
:1093800001234109034A00F01F00834042F82130C5
:10939000704700BF00E100E00138B0F1807F0BD2E0
:1093A0004FF0E023F021054A586182F82310002095
:1093B000072298611A6170470120704700ED00E0B4
:1093C000114AD36813F0100305D01049CB6943F05C
:1093D0000203CB611023D268500706D50B4943F036
:1093E0000403CA6942F00102CA61074AD169C90788
:1093F00008D50648C16941F00401C161D16921F075
:109400000101D161D360704700200240E0370020A5
:10941000064B186910F0800007D0054A5A6002F127
:1094200088325A601869C0F3C010704700200240AB
:1094300023016745034A0020136943F08003136149
:10944000704700BF0020024070B50546FFF7BAFA2A
:109450000646114CE368D80712D4E368990644BF66
:109460002023E360E368DA0606D4E369DB0703D46C
:10947000E06810F0040007D0FFF7A2FF012003E02E
:109480006B1CE7D00DB9032070BDFFF79BFA801B62
:10949000A842DFD9F7E700BF002002402DE9F84FCE
:1094A000DFF894A01F469AF818300546012B88462D
:1094B00091463FD001234CF250308AF81830FFF724
:1094C000C3FF90BB012D03D0022D14BF042502253C
:1094D00000263346DFF864B03401C4F12001A4F162
:1094E000200207FA01F129FA04F4CAF81C300C43EF
:1094F00027FA02F21443DBF81020A4B242F0010272
:10950000CBF810204CF2503028F81640FFF79CFFA3
:10951000DBF8102022F00102CBF8102028B9013628
:10952000F2B295424FF00003D6D800238AF81830E3
:10953000BDE8F88F0220FBE7E03700200020024062
:109540000022064BDA61064B1A6942F002021A61E8
:1095500058611A6942F040021A617047E0370020F2
:10956000002002402DE9F041264F05463B7E88460B
:10957000012B44D001243C7603684CF25030022B7E
:109580001AD1FFF761FF20B1012000233B76BDE82F
:10959000F0811D4CF86123694CF2503043F0040314
:1095A0002361236943F040032361FFF74DFF2369E3
:1095B00023F004032361E8E7FFF746FF0028E3D127
:1095C0004FF0FF33C8F800302046AE680E4CD5E9A6
:1095D000023203EB8223B342D7D93046FFF7B0FF04
:1095E0004CF25030FFF730FF236923F00203236170
:1095F00010B1C8F80060C8E706F58066E7E702200A
:10960000C5E700BFE037002000200240036A026A7D
:1096100070B522F001020262446882690D6822F08E
:1096200073022A438D6823F002032B430A4DA8429C
:109630000BD1CD6823F008032B4324F44074D1E907
:109640000556354323F004032C43446082614A6885
:109650004263036270BD00BF002C0140036A026ACE
:1096600070B522F4807202624468C2690D6822F00B
:1096700073022A438D6823F4007343EA05230B4DDC
:10968000A8420DD1CD6823F4006343EA052324F4F6
:109690004054D1E90556354323F4806344EA051468
:1096A0004460C2614A68C263036270BD002C01401D
:1096B000036A026A30B522F4805202624468C269C9
:1096C0000D6822F4E64242EA05228D6823F4005335
:1096D00043EA0533064DA84202BF4D6924F4804495
:1096E00044EA85144460C2614A680264036230BD82
:1096F000002C0140704770477047704770477047B3
:10970000036870B5DD681E690446B1070DD5AA0768
:109710000BD56FF002021A61012202779B699B0749
:1097200069D0FFF7EAFF00232377710710D56A0796
:109730000ED56FF00402236820461A6102222277B8
:109740009B6913F4407F5CD0FFF7D7FF002323779A
:1097500033070FD528070DD56FF008022368204680
:109760001A6104222277DB69990750D0FFF7C5FF01
:1097700000232377F20610D5EB060ED56FF010020A
:10978000236820461A6108222277DB6913F4407FA0
:1097900043D0FFF7B2FF00232377F00708D5E9078E
:1097A00006D56FF00102236820461A61FFF7A3FF78
:1097B000320608D52B0606D56FF0800223682046B6
:1097C0001A6100F070FA700608D5690606D56FF0C8
:1097D0004002236820461A61FFF791FFB20622D5A6
:1097E000AB0620D56FF0200223682046BDE870400C
:1097F0001A6100F057BAFFF77FFF2046FFF77EFFA0
:1098000091E7FFF779FF2046FFF778FF9EE7FFF724
:1098100073FF2046FFF772FFAAE7FFF76DFF2046B0
:10982000FFF76CFFB7E770BD174A036890420AD094
:10983000B0F1804F07D0A2F59432904203D002F5E8
:109840008062904207D14A6823F070031343CA68CC
:1098500023F4407313434A6923F0800313430360E6
:109860008B68C3620B688362074B984204BF0B6925
:109870000363012343610369DB0742BF036923F0EC
:1098800001030361704700BF002C014010B504467E
:1098900030B390F83D3003F0FF021BB980F83C2054
:1098A000FEF7C6FA0223206884F83D30211DFFF739
:1098B000BBFF0123002084F8463084F83E3084F852
:1098C0003F3084F8403084F8413084F8423084F8E6
:1098D000433084F8443084F8453084F83D3010BD7E
:1098E0000120FCE710B5044630B390F83D3003F09A
:1098F000FF021BB980F83C20FFF7FCFE0223206822
:1099000084F83D30211DFFF78FFF0123002084F8EC
:10991000463084F83E3084F83F3084F8403084F894
:10992000413084F8423084F8433084F8443084F87D
:10993000453084F83D3010BD0120FCE7036A026A1F
:1099400070B522F010020262446882690D6822F448
:10995000E64242EA05228D6823F0200343EA05131C
:109960000B4DA8420DD1CD6823F0800343EA0513C7
:1099700024F44064D1E90556354323F0400344EA1A
:109980008504446082614A688263036270BD00BFDF
:10999000002C014038B590F83C300446012B4FD0E4
:1099A0000120082A84F83C003AD006D8BAB1042A2B
:1099B00026D0002384F83C3038BD0C2AF9D1206829
:1099C000FFF776FEC3690A6943F40063C361C369A4
:1099D00023F48063C361C36943EA02232EE0206855
:1099E000FFF714FE83690A6943F008038361836902
:1099F00023F0040383618369134383610020D8E764
:109A00002068FFF79BFF83690A6943F40063836161
:109A1000836923F480638361836943EA0223ECE76B
:109A20002068FFF71BFEC3690A6943F00803C3619E
:109A3000C36923F00403C361C3691343C361DDE752
:109A40000220B9E710B584680A4324F47F4442EA4F
:109A500003222243826010BD38B590F83C300446A2
:109A6000012B4FF0020000F08E80012284F83D00AF
:109A7000206884F83C20836823F47F4323F0770335
:109A800083600B68602B4FD032D8402B64D016D83F
:109A9000202B0DD00AD833F0100109D0012384F80F
:109AA0003D30002384F83C30104638BD302BF5D1D2
:109AB000826822F07002134343F0070328E0502B22
:109AC000ECD14A68CD68016A036A21F00A0123F0EB
:109AD0000103036283690A4323F0F00343EA051399
:109AE00083610262836823F0700343F057030FE041
:109AF000B3F5805F0DD0B3F5005F0CD0702BCDD1E6
:109B0000CB68D1E90121FFF79DFF836843F077031C
:109B100083600022C2E7CB68D1E90121FFF792FF01
:109B2000836843F48043F3E7036A026A4D6822F0D6
:109B30001002C9680262826923F0A00322F4704215
:109B400043EA051342EA013282610362836823F02B
:109B5000700343F06703DBE74A68CD68016A036A74
:109B600021F00A0123F00103036283690A4323F011
:109B7000F00343EA051383610262836823F07003F4
:109B800043F04703C4E702468EE710B50124036A99
:109B900001F01F018C4023EA04030362036A8A4038
:109BA0001A43026210BD000008B529B990F83E3092
:109BB000012B1DD001202EE0042907D190F83F3061
:109BC000012BF7D1022380F83F3014E0082907D198
:109BD00090F84030012BEDD1022380F840300AE0AC
:109BE00090F84130012BE5D1022380F8413002E0AA
:109BF000022380F83E3000680122FFF7C6FF0F4BBA
:109C0000984209D0B0F1804F0BD1836803F007036D
:109C1000062B0DD1002008BD436C43F40043436480
:109C2000F3E7074B9842F0D003F580639842ECD0FD
:109C3000036843F001030360ECE700BF002C014020
:109C400000040040FFF7B0BF30B590F83C3002464A
:109C5000012B4FF0020022D0136882F83D005C68AF
:109C60000D6824F070042C4398685C600C4CA3428F
:109C70000AD0B3F1804F07D0A4F59434A34203D0A7
:109C800004F58064A34204D1496820F080000143B8
:109C900099600123002082F83D3082F83C0030BDFD
:109CA000002C014070477047026802F10C0353E832
:109CB000003F23F490730C3242E80031026800291F
:109CC000F2D102F1140353E8003F23F0010302F143
:109CD000140C4CE800310029F3D1036B012B0BD19C
:109CE00002F10C0353E8003F23F0100302F10C0CC7
:109CF0004CE800310029F3D1202380F842300023C2
:109D00000363704710B504460368C1681A6922F4FA
:109D100040520A431A6182680069D9680243606947
:109D200021F4B05121F00C0102430A43DA605A6970
:109D3000A16922F440720A435A610E4A934215D136
:109D4000FFF7C6F819234343626820689200B3FB0B
:109D5000F2F36422B3FBF2F102FB11331B01323345
:109D6000B3FBF2F303EB0113836010BDFFF7A0F820
:109D7000E8E700BF00380140F7B505460C46174636
:109D80001E462A68136834EA030301D1002021E04B
:109D9000701CF7D0FEF716FEC01B86421CD3DEB146
:109DA0002B68DA685107ECD5802CEAD0402CE8D03B
:109DB0001A681207E5D5002401941A682846019212
:109DC0005B680193019BFFF76FFF082301206B6421
:109DD00085F8404003B0F0BD0320FBE710B5044612
:109DE00048B390F8413003F0FF021BB980F84020DF
:109DF000FEF73CF82423226884F84130D3682046DB
:109E000023F40053D360FFF77DFF236800201A6915
:109E100022F490421A615A6922F02A025A61DA68E1
:109E200042F40052DA602023606484F8413084F800
:109E30004230606310BD0120FCE72DE9F8439846ED
:109E400090F841300446202B0E4617463FD100299A
:109E50003FD0002A3DD021230025456480F84130C1
:109E6000FEF7B0FDA3688146B3F5805FA784E78461
:109E700003D123690BB935461E46E38C9BB253B917
:109E800043464A4640212046FFF776FF202350B93B
:109E900084F841300AE043464A4680212046FFF7D5
:109EA0006BFF28B12023032084F84130BDE8F883FC
:109EB00022684EB935F8023BC3F308035360E18CC6
:109EC000013989B2E184D8E716F8013BF6E70220B0
:109ED000ECE70120EAE77047704708B50023406AC5
:109EE000C385C384FFF7F8FF08BD704790F8423080
:109EF00007B5222B42D181680268B1F5805F836A81
:109F00003FD1016900293FD15268C2F3080223F80A
:109F1000022B8362C38D013B9BB2C385002B2DD1E5
:109F20000268D16821F02001D160D16821F48071EC
:109F3000D160516921F001015161202280F8422055
:109F40004363026B012A026828D1036302F10C0308
:109F500053E8003F23F0100302F10C0C4CE80031F1
:109F60000029F3D11368DB0605D50191136801932D
:109F700053680193019B818DFFF7B7FF03B05DF834
:109F800004FB39B9016929B95268D2B21A70836ADF
:109F90000133BEE7526802F07F02F7E7FAF788FA6A
:109FA000ECE70000036873B51A6804461607D96821
:109FB0005D6908D1960668D58D0666D502B0BDE804
:109FC0007040FFF793BF05F0010001F49075054361
:109FD0005BD0D60705D5CD0542BF636C43F00103C6
:109FE0006364530704D518B1636C43F002036364E0
:109FF000960704D518B1636C43F004036364150736
:10A0000007D501F0200303431EBF636C43F0080330
:10A010006364636C002B32D0920604D58B0602D5A4
:10A020002046FFF763FF266820467369626C03F0E1
:10A03000400302F0080253EA020522D0FFF734FE83
:10A0400073695E0618D5226802F1140353E8003FD5
:10A0500023F04003143242E800310029F3D1E06BD1
:10A0600050B1744B4363FFF76DF840B1E06B436B45
:10A0700002B0BDE8704018472046FFF72DFF02B040
:10A0800070BDFFF729FF6564F9E7206B012840F0F8
:10A090009480D50640F19180C80640F18E80002260
:10A0A00001921A6801925A680192019A5A695206FD
:10A0B0004DD5E16B0A68526892B2002ADFD0A08DBC
:10A0C0009042DCD9E2858A69202A36D003F10C025D
:10A0D00052E8002F22F4807203F10C0040E80021C6
:10A0E0000029F3D103F1140252E8002F22F00102FB
:10A0F00003F1140040E800210029F3D103F1140218
:10A1000052E8002F22F0400203F1140040E8002141
:10A110000029F3D1202284F84220216303F10C02AC
:10A1200052E8002F22F0100203F10C0040E8002159
:10A130000029F3D1E06BFEF7E5FF02236363E38DB3
:10A14000A18DC91A89B22046FFF7CFFE97E7E28DAD
:10A15000E08DA18D80B292B2002890D0891A89B288
:10A1600000298CD003F10C0252E8002F22F49072E7
:10A1700003F10C0545E800200028F3D103F1140297
:10A1800052E8002F22F0010203F1140545E80020F7
:10A190000028F3D1202284F84220206303F10C022E
:10A1A00052E8002F22F0100203F10C0545E80020D0
:10A1B0000028F3D102236363C5E7160628D50D06F0
:10A1C00026D594F84120212A7FF459AFA168226A4C
:10A1D000B1F5805F17D12169A9B932F8021BC1F32B
:10A1E000080159602262E28C013A92B2E284002AAC
:10A1F0007FF445AFDA6822F08002DA60DA6842F074
:10A200004002DA603BE7511C216212785A60EAE7AB
:10A2100050067FF534AF4A067FF531AFDA68204645
:10A2200022F04002DA60202384F84130FFF753FE29
:10A2300025E700BFDB9E00080023C285436422237C
:10A240008285026980F84230816203681AB1DA6857
:10A2500042F48072DA605A69002042F001025A61C9
:10A26000DA6842F02002DA60704770B490F8426019
:10A27000202E06D141B13AB10024046370BCFFF72F
:10A28000DBBF022070BC70470120FBE7F8B500BFC0
:10A29000F8BC08BC9E467047F8B500BFF8BC08BCC7
:04A2A0009E4670471F
:10A2A400DB0F49BFE4CB1640E4CB16C000000080AE
:10A2B400DB0F4940DB0F49C03863ED3EDA0F493FFD
:10A2C4005E987B3FDA0FC93F6937AC31682122338E
:10A2D400B40F14336821A2330000803F6042A20D02
:10A2E4000020202020202020202028282828282062
:10A2F400202020202020202020202020202020205A
:10A3040020881010101010101010101010101010C1
:10A3140010040404040404040404041010101010B1
:10A32400101041414141414101010101010101017B
:10A3340001010101010101010101010110101010CD
:10A34400101042424242424202020202020202024D
:10A3540002020202020202020202020210101010A1
:10A3640020000000000000000000000000000000C9
:10A3740000000000000000000000000000000000D9
:10A3840000000000000000000000000000000000C9
:10A3940000000000000000000000000000000000B9
:10A3A40000000000000000000000000000000000A9
:10A3B4000000000000000000000000000000000099
:10A3C4000000000000000000000000000000000089
:10A3D4000000000000000000000000000000000079
:10A3E40000000000000003430000834233330342B3
:10A3F4003333834100400020001000082020000D6A
:10A404000AE6A087E5AE9AE695B0E68DAE3A0D0A67
:10A41400002020416363656CE5818FE7A7BB3A2088
:10A4240025642025642025640D0A002020477972C4
:10A434006FE5818FE7A7BB3A2020252E33662025C0
:10A444002E336620252E33660D0A004F4B00414CF7
:10A4540041524D005741524E000D0AE5BA94E7941B
:10A46400A8E79C8BE997A8E78B97E78AB6E68081F3
:10A474002028E8B685E697B6E99888E580BC3A20B6
:10A48400257520E6ACA1293A0D0A002020E69C801F
:10A49400E5B7AEE4BBBBE58AA149443A2000256494
:10A4A4002C20E8BF9EE7BBADE8B685E697B63A2018
:10A4B400256420E6ACA10D0A00E697A00D0A002051
:10A4C40020E78AB6E680813A2025730D0A00202011
:10A4D400E5B7B2E681A2E5A48DE587BAE58E82E907
:10A4E400BB98E8AEA43A20257520487A2C20444C29
:10A4F40050463D25752C20416363656C46533D25CC
:10A50400752C204779726F46533D25750D0A00203E
:10A5140020E8BE93E585A52027736176652720E5AD
:10A524008FAFE4BF9DE5AD98E588B020466C6173BC
:10A53400680D0A002020E58685E983A8E99499E856
:10A54400AFAF3A20E7A9BAE58F82E695B00D0A00CD
:10A554002020E697A0E69588E8BE93E585A5202708
:10A564002573272120257320E99C80E8A681E695A0
:10A57400B4E695B00D0A002020E8B68AE7958C2150
:10A5840020257320E88C83E59BB43A2025642D258F
:10A59400642C20E694B6E588B020256C640D0A008E
:10A5A400E69A82E5819C20286F66662900E8BF90C0
:10A5B400E8A18C20286F6E2900E69A82E5819C0030
:10A5C400E8BF90E8A18C0020204D6F6E69746F7213
:10A5D40020E4BBBBE58AA1E5BD93E5898DE4B8BA67
:10A5E4002025730D0A0020204D6F6E69746F722050
:10A5F400E4BBBBE58AA1E5B7B2E69A82E5819C2C6F
:10A6040020E4B88DE5868DE58DA0E794A82055411A
:10A6140052540D0A006F6E0020204D6F6E69746FE6
:10A624007220E4BBBBE58AA1E5B7B2E681A2E5A44A
:10A634008D0D0A002020E794A8E6B3953A206D6FAB
:10A644006E69746F72206F6E7C6F6666202028E5D9
:10A65400BD93E5898D203D202573290D0A00E6ADC3
:10A66400A3E5B8B800E5918AE8ADA600E69CAAE7A0
:10A674009FA500E696ADE993BE000D0A3D3D3D3D24
:10A684003D20E4B8B2E58FA3E993BEE8B7AFE8B4E0
:10A69400A8E9878F203D3D3D3D3D0D0A002020E582
:10A6A4008F91E98081E5B8A7E695B03A202020256E
:10A6B4006C750D0A00202041434BE694B6E588B042
:10A6C4003A20202020256C750D0A00202041434BA0
:10A6D400E4B8A2E5A4B13A20202020256C750D0A27
:10A6E400002020E8BF9EE7BBADE4B8A2E5A4B13AE0
:10A6F400202020256C750D0A002020E993BEE8B7C0
:10A70400AFE78AB6E680813A20202025730D0A003F
:10A71400202041434BE78E873A202020202020250B
:10A724007525250D0A003D3D3D3D3D3D3D3D3D3DED
:10A734003D3D3D3D3D3D3D3D3D3D3D3D3D3D3D3D45
:10A744000D0A002D2D2D000D0A3D3D3D3D3D2052AD
:10A75400544F5320E4BBBBE58AA1E78AB6E6808167
:10A76400203D3D3D3D3D0D0A0057445400E6A08880
:10A77400E589A9E4BD9900E5908DE7A7B000202004
:10A78400252D31307320252D387320252D38730D58
:10A794000A0020202D2D2D2D2D2D2D2D2D2D2D2D4F
:10A7A4002D2D2D2D2D2D2D2D2D2D2D2D2D2D2D2DD5
:10A7B4002D2D2D0D0A004163717569726500436F7B
:10A7C4006D6D004D6F6E69746F72002020252D3100
:10A7D400307320252D387520252D38730D0A000D72
:10A7E4000A2020E9989FE58897E78AB6E680813AAF
:10A7F4000D0A00E5B7B2E794A800E9989FE58897A9
:10A804000052617744617461002020252D3130733A
:10A8140020252D387520252D38750D0A004641490F
:10A824004C00E69C89E6958800E69CAAE4BF9DE579
:10A83400AD982FE697A0E69588000D0A3D3D3D3D75
:10A844003D20E7B3BBE7BB9FE78AB6E68081203DA6
:10A854003D3D3D3D0D0A002020E8BF90E8A18CE677
:10A8640097B6E997B43A2020256C7520730D0A0039
:10A874002020E680BBE5B8A7E695B03A202020204A
:10A88400256C750D0A002020E4B8A2E5B8A73A208B
:10A894002020202020256C750D0A002020E9809AB4
:10A8A400E4BFA1E99499E8AFAF3A2020256C750D77
:10A8B4000A002020E5A086E4BDBFE794A8E78E87C0
:10A8C4003A2020257525250D0A002020E4BCA0E6A9
:10A8D400849FE599A83A2020202025730D0A0020A2
:10A8E40020E5BA94E794A8E79C8BE997A8E78B97AF
:10A8F4003A2025730D0A002020E6A088E589A9E402
:10A90400BD993A20202020413D25752020433D2536
:10A914007520204D3D25750D0A002020E5BD93E5E9
:10A92400898DE9858DE7BDAE3A2020257520487ACA
:10A934002020444C50463D25752020416363656CBE
:10A9440046533D257520204779726F46533D257542
:10A954000D0A002020E9858DE7BDAEE68C81E4B9BF
:10A9640085E58C963A202573202876256C75290D6B
:10A974000A002020E993BEE8B7AF2041434B3A20B8
:10A984002020256C752F256C7520282573290D0A28
:10A99400000D0AE58FAFE794A8E591BDE4BBA43AA6
:10A9A4000D0A002020252D3132732025730D0A0055
:10A9B4002020E4BCA0E6849FE599A8E5A48DE4BD2D
:10A9C4008DE68890E58A9F0D0A002020E4BCA0E66D
:10A9D400849FE599A8E5A48DE4BD8DE5A4B1E8B410
:10A9E400A5210D0A002020E9858DE7BDAEE5B7B2AB
:10A9F400E4BF9DE5AD98E588B020466C617368209E
:10AA040028E68E89E794B5E4BF9DE79599290D0A58
:10AA14000020205B4552524F525D20466C617368A2
:10AA240020E58699E585A5E5A4B1E8B4A5210D0A3C
:10AA3400002020466C61736820E4B8ADE697A0E678
:10AA44009C89E69588E9858DE7BDAE2C20E4BDBFE1
:10AA5400E794A8E9BB98E8AEA4E580BC0D0A002001
:10AA640020E9858DE7BDAEE5B7B2E58AA0E8BDBDB6
:10AA74003A20257520487A2C20444C50463D2575B3
:10AA84002C20416363656C46533D25752C20477922
:10AA9400726F46533D25750D0A002020E5BD93E5F0
:10AAA400898DE9A291E78E87203D20257520487A7B
:10AAB4000D0A0052617465002020E98787E99B86AE
:10AAC400E9A291E78E87E5B7B2E8AEBEE4B8BA2052
:10AAD400257520487A2028E68F90E7A4BA3A20E822
:10AAE400BE93E585A52027736176652720E4BF9D85
:10AAF400E5AD98E588B020466C617368290D0A00BD
:10AB04002020E5BD93E5898D204779726F20465357
:10AB1400203D2025752028303D3235302C20313D14
:10AB24003530302C20323D313030302C20333D3222
:10AB340030303020647073290D0A004779726F2019
:10AB440046530020204779726F20E9878FE7A88B4E
:10AB5400E5B7B2E8AEBEE4B8BA2025752028E68F82
:10AB640090E7A4BA3A20E8BE93E585A5202773614F
:10AB740076652720E4BF9DE5AD98E588B020466C56
:10AB8400617368290D0A002020E5BD93E5898D20B5
:10AB9400416363656C204653203D20257520283091
:10ABA4003D32672C20313D34672C20323D38672CF0
:10ABB40020333D313667290D0A00416363656C20FB
:10ABC4004653002020416363656C20E9878FE7A822
:10ABD4008BE5B7B2E8AEBEE4B8BA2025752028E606
:10ABE4008F90E7A4BA3A20E8BE93E585A5202773A1
:10ABF4006176652720E4BF9DE5AD98E588B02046E1
:10AC04006C617368290D0A002020E5BD93E5898DE8
:10AC140020444C5046203D2025752028303D3236B6
:10AC240030487A2C20363D35487A290D0A00444CA8
:10AC34005046002020444C504620E5B7B2E8AEBE52
:10AC4400E4B8BA2025752028E68F90E7A4BA3A2004
:10AC5400E8BE93E585A52027736176652720E4BFC8
:10AC64009DE5AD98E588B020466C617368290D0AAE
:10AC7400000D0A3D3D3D204D5055363035302043C2
:10AC84004C49205368656C6C2076322028E7949FE9
:10AC9400E4BAA7E7BAA729203D3D3D0D0A00E8BE66
:10ACA40093E585A52068656C7020E69FA5E79C8BDD
:10ACB400E58FAFE794A8E591BDE4BBA40D0A003E7F
:10ACC40020002009004553544F5000465744004289
:10ACD40041434B004C4546540052494748540056A2
:10ACE400454C0048454144002020E69CAAE79FA526
:10ACF400E591BDE4BBA43A202573202028E8BE9347
:10AD0400E585A52068656C7020E69FA5E79C8BE52A
:10AD14008FAFE794A8E591BDE4BBA4290D0A000810
:10AD240020080068656C7000E698BEE7A4BAE69C4B
:10AD3400ACE5B8AEE58AA90073746174757300E676
:10AD440098BEE7A4BAE7B3BBE7BB9FE78AB6E68041
:10AD540081007461736B7300E698BEE7A4BA205255
:10AD6400544F5320E4BBBBE58AA12FE9989FE588A3
:10AD740097E78AB6E68081006C696E6B00E698BE40
:10AD8400E7A4BAE4B8B2E58FA3E993BEE8B7AFE8A5
:10AD9400B4A8E9878FE7BB9FE8AEA1006D6F6E6929
:10ADA400746F7200E79B91E68EA7E4BBBBE58AA1B2
:10ADB400E5BC80E585B33A206D6F6E69746F7220CF
:10ADC4006F6E2F6F666600646C706600E8AEBEE757
:10ADD400BDAE20444C50463A20646C7066203C3032
:10ADE4002D363E00616363656C00E8AEBEE7BDAE20
:10ADF400E58AA0E9809FE5BAA6E9878FE7A88B3AA0
:10AE040020616363656C203C302D333E00677972AA
:10AE14006F00E8AEBEE7BDAEE99980E89EBAE4BB38
:10AE2400AAE9878FE7A88B3A206779726F203C30B4
:10AE34002D333E007261746500E8AEBEE7BDAEE935
:10AE44008787E99B86E9A291E78E873A207261742D
:10AE540065203C31302D3230303E20487A00736119
:10AE6400766500E4BF9DE5AD98E5BD93E5898DE980
:10AE7400858DE7BDAEE588B020466C6173682028F7
:10AE8400E68E89E794B5E4BF9DE7959929006C6F38
:10AE9400616400E4BB8E20466C61736820E58AA07F
:10AEA400E8BDBDE9858DE7BDAE0064656661756C7E
:10AEB400747300E681A2E5A48DE587BAE58E82E984
:10AEC400BB98E8AEA4E9858DE7BDAE2028E4B88D33
:10AED400E4BF9DE5AD98E588B020466C61736829B0
:10AEE4000077647400E698BEE7A4BAE5BA94E794E0
:10AEF400A8E79C8BE997A8E78B97E78AB6E6808159
:10AF04000063616C696200E698BEE7A4BAE6A087B4
:10AF1400E5AE9AE695B0E68DAE0072657365740091
:10AF2400E5A48DE4BD8DE4BCA0E6849FE599A8006A
:10AF34006563686F00E59B9EE698BEE6B58BE8AF57
:10AF4400953A206563686F203CE6B688E681AF3E9B
:10AF5400000D0A5B5744545D205441534B20272570
:10AF64007327204641554C5420286D6973736564DA
:10AF74002025752F2575290D0A005B4D4F4E5D2048
:10AF840075703D256C75732020663D256C752F25E5
:10AF94006C75202063653D256C752020683D257502
:10AFA4002525202073656E3D257320206374726C03
:10AFB4003D7B7961773D252E31662C206D69737355
:10AFC4003D256C752C20636D643D256C752C2065C6
:10AFD40073746F703D25647D202073746B3D7B41D9
:10AFE4003A257520433A2575204C3A2575204D3A6B
:10AFF40025757D0D0A000D0A5B464154414C5D20C8
:10B004004D616C6C6F63206661696C656421204FCF
:10B014007574206F662068656170206D656D6F7250
:10B02400792E0D0A000D0A5B464154414C5D2053B4
:10B034007461636B206F766572666C6F7720696EDE
:10B04400207461736B3A2025730D0A00436F6E748C
:10B05400726F6C00434C490049444C4500546D7276
:10B064005100546D7220537663005B424F4F545D20
:10B074002053797374656D436F7265436C6F636BB2
:10B084003D256C75204853453D25640D0A005B42FF
:10B094004F4F545D204D4355207374617274656441
:10B0A4002C20696E697469616C697A696E672E2EE9
:10B0B4002E0D0A005B5741524E5D204D50553630DF
:10B0C40035305F496E6974206661696C65642C2053
:10B0D400636F6E74696E75696E6720696E2064694A
:10B0E40061676E6F73746963206D6F64650D0A0028
:10B0F4005B494E464F5D204D5055363035305F49E3
:10B104006E6974204F4B0D0A0000000062A600080F
:10B1140069A6000877A6000827AD00082CAD000832
:10B12400794200083CAD000843AD00081D41000809
:10B1340056AD00085CAD0008D93F00087CAD00089E
:10B1440081AD0008393F0008A0AD0008A8AD000893
:10B15400A53E0008CBAD0008D0AD0008614400084E
:10B16400E8AD0008EEAD00081144000811AE000877
:10B1740016AE0008C143000838AE00083DAE000812
:10B184007D43000862AE000867AE0008C9420008AB
:10B1940092AE000897AE000805430008AEAE000862
:10B1A400B7AE0008F13D0008E5AE0008E9AE0008BE
:10B1B400853D000805AF00080BAF00082D3D0008D1
:10B1C4001EAF000824AF0008A542000834AF0008F1
:10B1D40039AF0008893C00080000000000000000AE
:10B1E400000000000400000000000000010203044D
:10B1F4000000000000000000010203040607080923
:10B20400010202030405060708090A0B0C0D0E0FC0
:10B2140010100000232D302B20000000686C4C001F
:10B2240065666745464700005245454E54206D61AA
:10B234006C6C6F632073756363656564656400009B
:10B244002E2E2F2E2E2F2E2E2F2E2E2F2E2E2F2E15
:10B254002E2F6E65776C69622F6C6962632F73742D
:10B2640072696E672F737472746F6B2E63000000C3
:10B274003031323334353637383941424344454628
:10B2840000000000303132333435363738396162EA
:10B2940063646566000000002C2066756E63746943
:10B2A4006F6E3A2000000000617373657274696FF9
:10B2B4006E2022257322206661696C65643A2066DB
:10B2C400696C6520222573222C206C696E6520250B
:08B2D40064257325730A0000D4
:08B2DC00106BFF7F0100000070
:04B2E40079010008E4
:04B2E8005101000808
:10B2EC000400002000000000BC000020240100200D
:10B2FC008C01002000000000000000000000000095
:10B30C000000000000000000000000000000000031
:10B31C000000000000000000000000000000000021
:10B32C000000000000000000000000000000000011
:10B33C000000000003000000BC0000200000803F63
:10B34C00000000000000000000000000FFFFFFFFF5
:10B35C00FFFFFFFFFFFFFFFFFFFFFFFF02000000EB
:10B36C0064000000AAAAAAAA00127A000100000038
:04B37C0010000000BD
:0400000508007FF977
:00000001FF
